Workbook

Sheet Fixtures
A1: Date | B1: Day | C1: Opposition | D1: Competition | E1: Home / Away | F1: Postponed | G1: Goals For | H1: Goals Against | I1: Result
A2: 46271 | B2: =Fixtures[[#This Row],[Date]] -> 46271 | C2: DAN | F2: FALSE | I2: {=IF(OR(Fixtures[[#This Row],[Goals For]]="",Fixtures[[#This Row],[Goals Against]]=""), IF(Fixtures[[#This Row],[Postponed]]=TRUE,"Postponed",""), _xlfn.IFS(Fixtures[[#This Row],[Goals For]]>Fixtures[[#This Row],[Goals Against]],"Win", Fixtures[[#This Row],[Goals For]]<Fixtures[[#This Row],[Goals Against]],"Lose", Fixtures[[#This Row],[Goals For]]=Fixtures[[#This Row],[Goals Against]],"Draw"))} | N2: H | O2: Home
A3: 46278 | B3: =Fixtures[[#This Row],[Date]] -> 46278 | F3: FALSE | I3: {=IF(OR(Fixtures[[#This Row],[Goals For]]="",Fixtures[[#This Row],[Goals Against]]=""), IF(Fixtures[[#This Row],[Postponed]]=TRUE,"Postponed",""), _xlfn.IFS(Fixtures[[#This Row],[Goals For]]>Fixtures[[#This Row],[Goals Against]],"Win", Fixtures[[#This Row],[Goals For]]<Fixtures[[#This Row],[Goals Against]],"Lose", Fixtures[[#This Row],[Goals For]]=Fixtures[[#This Row],[Goals Against]],"Draw"))} | N3: A | O3: Away
A4: 46285 | B4: =Fixtures[[#This Row],[Date]] -> 46285 | F4: FALSE | I4: {=IF(OR(Fixtures[[#This Row],[Goals For]]="",Fixtures[[#This Row],[Goals Against]]=""), IF(Fixtures[[#This Row],[Postponed]]=TRUE,"Postponed",""), _xlfn.IFS(Fixtures[[#This Row],[Goals For]]>Fixtures[[#This Row],[Goals Against]],"Win", Fixtures[[#This Row],[Goals For]]<Fixtures[[#This Row],[Goals Against]],"Lose", Fixtures[[#This Row],[Goals For]]=Fixtures[[#This Row],[Goals Against]],"Draw"))} | N4: F | O4: Friendly
A5: 46292 | B5: =Fixtures[[#This Row],[Date]] -> 46292 | F5: FALSE | I5: {=IF(OR(Fixtures[[#This Row],[Goals For]]="",Fixtures[[#This Row],[Goals Against]]=""), IF(Fixtures[[#This Row],[Postponed]]=TRUE,"Postponed",""), _xlfn.IFS(Fixtures[[#This Row],[Goals For]]>Fixtures[[#This Row],[Goals Against]],"Win", Fixtures[[#This Row],[Goals For]]<Fixtures[[#This Row],[Goals Against]],"Lose", Fixtures[[#This Row],[Goals For]]=Fixtures[[#This Row],[Goals Against]],"Draw"))} | N5: L | O5: League
A6: 46299 | B6: =Fixtures[[#This Row],[Date]] -> 46299 | F6: FALSE | I6: {=IF(OR(Fixtures[[#This Row],[Goals For]]="",Fixtures[[#This Row],[Goals Against]]=""), IF(Fixtures[[#This Row],[Postponed]]=TRUE,"Postponed",""), _xlfn.IFS(Fixtures[[#This Row],[Goals For]]>Fixtures[[#This Row],[Goals Against]],"Win", Fixtures[[#This Row],[Goals For]]<Fixtures[[#This Row],[Goals Against]],"Lose", Fixtures[[#This Row],[Goals For]]=Fixtures[[#This Row],[Goals Against]],"Draw"))} | N6: C | O6: Cup
A7: 46306 | B7: =Fixtures[[#This Row],[Date]] -> 46306 | F7: FALSE | I7: {=IF(OR(Fixtures[[#This Row],[Goals For]]="",Fixtures[[#This Row],[Goals Against]]=""), IF(Fixtures[[#This Row],[Postponed]]=TRUE,"Postponed",""), _xlfn.IFS(Fixtures[[#This Row],[Goals For]]>Fixtures[[#This Row],[Goals Against]],"Win", Fixtures[[#This Row],[Goals For]]<Fixtures[[#This Row],[Goals Against]],"Lose", Fixtures[[#This Row],[Goals For]]=Fixtures[[#This Row],[Goals Against]],"Draw"))} | N7: S | O7: Shield
A8: 46313 | B8: =Fixtures[[#This Row],[Date]] -> 46313 | F8: FALSE | I8: {=IF(OR(Fixtures[[#This Row],[Goals For]]="",Fixtures[[#This Row],[Goals Against]]=""), IF(Fixtures[[#This Row],[Postponed]]=TRUE,"Postponed",""), _xlfn.IFS(Fixtures[[#This Row],[Goals For]]>Fixtures[[#This Row],[Goals Against]],"Win", Fixtures[[#This Row],[Goals For]]<Fixtures[[#This Row],[Goals Against]],"Lose", Fixtures[[#This Row],[Goals For]]=Fixtures[[#This Row],[Goals Against]],"Draw"))}
A9: 46320 | B9: =Fixtures[[#This Row],[Date]] -> 46320 | F9: FALSE | I9: {=IF(OR(Fixtures[[#This Row],[Goals For]]="",Fixtures[[#This Row],[Goals Against]]=""), IF(Fixtures[[#This Row],[Postponed]]=TRUE,"Postponed",""), _xlfn.IFS(Fixtures[[#This Row],[Goals For]]>Fixtures[[#This Row],[Goals Against]],"Win", Fixtures[[#This Row],[Goals For]]<Fixtures[[#This Row],[Goals Against]],"Lose", Fixtures[[#This Row],[Goals For]]=Fixtures[[#This Row],[Goals Against]],"Draw"))}
A10: 46327 | B10: =Fixtures[[#This Row],[Date]] -> 46327 | F10: FALSE | I10: {=IF(OR(Fixtures[[#This Row],[Goals For]]="",Fixtures[[#This Row],[Goals Against]]=""), IF(Fixtures[[#This Row],[Postponed]]=TRUE,"Postponed",""), _xlfn.IFS(Fixtures[[#This Row],[Goals For]]>Fixtures[[#This Row],[Goals Against]],"Win", Fixtures[[#This Row],[Goals For]]<Fixtures[[#This Row],[Goals Against]],"Lose", Fixtures[[#This Row],[Goals For]]=Fixtures[[#This Row],[Goals Against]],"Draw"))} | N10: https://fulltime.thefa.com/index.html?league=3117271
A11: 46334 | B11: =Fixtures[[#This Row],[Date]] -> 46334 | F11: FALSE | I11: {=IF(OR(Fixtures[[#This Row],[Goals For]]="",Fixtures[[#This Row],[Goals Against]]=""), IF(Fixtures[[#This Row],[Postponed]]=TRUE,"Postponed",""), _xlfn.IFS(Fixtures[[#This Row],[Goals For]]>Fixtures[[#This Row],[Goals Against]],"Win", Fixtures[[#This Row],[Goals For]]<Fixtures[[#This Row],[Goals Against]],"Lose", Fixtures[[#This Row],[Goals For]]=Fixtures[[#This Row],[Goals Against]],"Draw"))}
A12: 46341 | B12: =Fixtures[[#This Row],[Date]] -> 46341 | F12: FALSE | I12: {=IF(OR(Fixtures[[#This Row],[Goals For]]="",Fixtures[[#This Row],[Goals Against]]=""), IF(Fixtures[[#This Row],[Postponed]]=TRUE,"Postponed",""), _xlfn.IFS(Fixtures[[#This Row],[Goals For]]>Fixtures[[#This Row],[Goals Against]],"Win", Fixtures[[#This Row],[Goals For]]<Fixtures[[#This Row],[Goals Against]],"Lose", Fixtures[[#This Row],[Goals For]]=Fixtures[[#This Row],[Goals Against]],"Draw"))} | N12: https://fulltime.thefa.com/table.html?divisionseason=890410319#tab-1
A13: 46348 | B13: =Fixtures[[#This Row],[Date]] -> 46348 | F13: FALSE | I13: {=IF(OR(Fixtures[[#This Row],[Goals For]]="",Fixtures[[#This Row],[Goals Against]]=""), IF(Fixtures[[#This Row],[Postponed]]=TRUE,"Postponed",""), _xlfn.IFS(Fixtures[[#This Row],[Goals For]]>Fixtures[[#This Row],[Goals Against]],"Win", Fixtures[[#This Row],[Goals For]]<Fixtures[[#This Row],[Goals Against]],"Lose", Fixtures[[#This Row],[Goals For]]=Fixtures[[#This Row],[Goals Against]],"Draw"))}
A14: 46355 | B14: =Fixtures[[#This Row],[Date]] -> 46355 | F14: FALSE | I14: {=IF(OR(Fixtures[[#This Row],[Goals For]]="",Fixtures[[#This Row],[Goals Against]]=""), IF(Fixtures[[#This Row],[Postponed]]=TRUE,"Postponed",""), _xlfn.IFS(Fixtures[[#This Row],[Goals For]]>Fixtures[[#This Row],[Goals Against]],"Win", Fixtures[[#This Row],[Goals For]]<Fixtures[[#This Row],[Goals Against]],"Lose", Fixtures[[#This Row],[Goals For]]=Fixtures[[#This Row],[Goals Against]],"Draw"))}
A15: 46362 | B15: =Fixtures[[#This Row],[Date]] -> 46362 | F15: FALSE | I15: {=IF(OR(Fixtures[[#This Row],[Goals For]]="",Fixtures[[#This Row],[Goals Against]]=""), IF(Fixtures[[#This Row],[Postponed]]=TRUE,"Postponed",""), _xlfn.IFS(Fixtures[[#This Row],[Goals For]]>Fixtures[[#This Row],[Goals Against]],"Win", Fixtures[[#This Row],[Goals For]]<Fixtures[[#This Row],[Goals Against]],"Lose", Fixtures[[#This Row],[Goals For]]=Fixtures[[#This Row],[Goals Against]],"Draw"))}
A16: 46369 | B16: =Fixtures[[#This Row],[Date]] -> 46369 | F16: FALSE | I16: {=IF(OR(Fixtures[[#This Row],[Goals For]]="",Fixtures[[#This Row],[Goals Against]]=""), IF(Fixtures[[#This Row],[Postponed]]=TRUE,"Postponed",""), _xlfn.IFS(Fixtures[[#This Row],[Goals For]]>Fixtures[[#This Row],[Goals Against]],"Win", Fixtures[[#This Row],[Goals For]]<Fixtures[[#This Row],[Goals Against]],"Lose", Fixtures[[#This Row],[Goals For]]=Fixtures[[#This Row],[Goals Against]],"Draw"))}
A17: 46376 | B17: =Fixtures[[#This Row],[Date]] -> 46376 | F17: FALSE | I17: {=IF(OR(Fixtures[[#This Row],[Goals For]]="",Fixtures[[#This Row],[Goals Against]]=""), IF(Fixtures[[#This Row],[Postponed]]=TRUE,"Postponed",""), _xlfn.IFS(Fixtures[[#This Row],[Goals For]]>Fixtures[[#This Row],[Goals Against]],"Win", Fixtures[[#This Row],[Goals For]]<Fixtures[[#This Row],[Goals Against]],"Lose", Fixtures[[#This Row],[Goals For]]=Fixtures[[#This Row],[Goals Against]],"Draw"))}
A18: 46383 | B18: =Fixtures[[#This Row],[Date]] -> 46383 | F18: FALSE | I18: {=IF(OR(Fixtures[[#This Row],[Goals For]]="",Fixtures[[#This Row],[Goals Against]]=""), IF(Fixtures[[#This Row],[Postponed]]=TRUE,"Postponed",""), _xlfn.IFS(Fixtures[[#This Row],[Goals For]]>Fixtures[[#This Row],[Goals Against]],"Win", Fixtures[[#This Row],[Goals For]]<Fixtures[[#This Row],[Goals Against]],"Lose", Fixtures[[#This Row],[Goals For]]=Fixtures[[#This Row],[Goals Against]],"Draw"))}
A19: 46390 | B19: =Fixtures[[#This Row],[Date]] -> 46390 | F19: FALSE | I19: {=IF(OR(Fixtures[[#This Row],[Goals For]]="",Fixtures[[#This Row],[Goals Against]]=""), IF(Fixtures[[#This Row],[Postponed]]=TRUE,"Postponed",""), _xlfn.IFS(Fixtures[[#This Row],[Goals For]]>Fixtures[[#This Row],[Goals Against]],"Win", Fixtures[[#This Row],[Goals For]]<Fixtures[[#This Row],[Goals Against]],"Lose", Fixtures[[#This Row],[Goals For]]=Fixtures[[#This Row],[Goals Against]],"Draw"))}
A20: 46397 | B20: =Fixtures[[#This Row],[Date]] -> 46397 | F20: FALSE | I20: {=IF(OR(Fixtures[[#This Row],[Goals For]]="",Fixtures[[#This Row],[Goals Against]]=""), IF(Fixtures[[#This Row],[Postponed]]=TRUE,"Postponed",""), _xlfn.IFS(Fixtures[[#This Row],[Goals For]]>Fixtures[[#This Row],[Goals Against]],"Win", Fixtures[[#This Row],[Goals For]]<Fixtures[[#This Row],[Goals Against]],"Lose", Fixtures[[#This Row],[Goals For]]=Fixtures[[#This Row],[Goals Against]],"Draw"))}
A21: 46404 | B21: =Fixtures[[#This Row],[Date]] -> 46404 | F21: FALSE | I21: {=IF(OR(Fixtures[[#This Row],[Goals For]]="",Fixtures[[#This Row],[Goals Against]]=""), IF(Fixtures[[#This Row],[Postponed]]=TRUE,"Postponed",""), _xlfn.IFS(Fixtures[[#This Row],[Goals For]]>Fixtures[[#This Row],[Goals Against]],"Win", Fixtures[[#This Row],[Goals For]]<Fixtures[[#This Row],[Goals Against]],"Lose", Fixtures[[#This Row],[Goals For]]=Fixtures[[#This Row],[Goals Against]],"Draw"))}
A22: 46411 | B22: =Fixtures[[#This Row],[Date]] -> 46411 | F22: FALSE | I22: {=IF(OR(Fixtures[[#This Row],[Goals For]]="",Fixtures[[#This Row],[Goals Against]]=""), IF(Fixtures[[#This Row],[Postponed]]=TRUE,"Postponed",""), _xlfn.IFS(Fixtures[[#This Row],[Goals For]]>Fixtures[[#This Row],[Goals Against]],"Win", Fixtures[[#This Row],[Goals For]]<Fixtures[[#This Row],[Goals Against]],"Lose", Fixtures[[#This Row],[Goals For]]=Fixtures[[#This Row],[Goals Against]],"Draw"))}
A23: 46418 | B23: =Fixtures[[#This Row],[Date]] -> 46418 | F23: FALSE | I23: {=IF(OR(Fixtures[[#This Row],[Goals For]]="",Fixtures[[#This Row],[Goals Against]]=""), IF(Fixtures[[#This Row],[Postponed]]=TRUE,"Postponed",""), _xlfn.IFS(Fixtures[[#This Row],[Goals For]]>Fixtures[[#This Row],[Goals Against]],"Win", Fixtures[[#This Row],[Goals For]]<Fixtures[[#This Row],[Goals Against]],"Lose", Fixtures[[#This Row],[Goals For]]=Fixtures[[#This Row],[Goals Against]],"Draw"))}
A24: 46425 | B24: =Fixtures[[#This Row],[Date]] -> 46425 | F24: FALSE | I24: {=IF(OR(Fixtures[[#This Row],[Goals For]]="",Fixtures[[#This Row],[Goals Against]]=""), IF(Fixtures[[#This Row],[Postponed]]=TRUE,"Postponed",""), _xlfn.IFS(Fixtures[[#This Row],[Goals For]]>Fixtures[[#This Row],[Goals Against]],"Win", Fixtures[[#This Row],[Goals For]]<Fixtures[[#This Row],[Goals Against]],"Lose", Fixtures[[#This Row],[Goals For]]=Fixtures[[#This Row],[Goals Against]],"Draw"))}
... A53: 46628 | B53: =Fixtures[[#This Row],[Date]] -> 46628 | F53: FALSE | I53: {=IF(OR(Fixtures[[#This Row],[Goals For]]="",Fixtures[[#This Row],[Goals Against]]=""), IF(Fixtures[[#This Row],[Postponed]]=TRUE,"Postponed",""), _xlfn.IFS(Fixtures[[#This Row],[Goals For]]>Fixtures[[#This Row],[Goals Against]],"Win", Fixtures[[#This Row],[Goals For]]<Fixtures[[#This Row],[Goals Against]],"Lose", Fixtures[[#This Row],[Goals For]]=Fixtures[[#This Row],[Goals Against]],"Draw"))}

Sheet Goals
A1: Date | B1: Opposition | C1: Alf M | D1: Alfie F | E1: Bailey | F1: Brad | G1: Callum | H1: Danny | I1: Ethan | J1: Freddie | K1: George | L1: Jamie | M1: Jay | N1: Joe | O1: Josh | P1: Jude | Q1: Kalan | R1: Kazeem | S1: Keiran D | T1: Keiran R | U1: Liam | V1: Louie | W1: Rocco | X1: Ronnie D | Y1: Ronnie T | Z1: Ryan | AA1: Ryeley | AB1: Will | AC1: count
A2: =Fixtures[[#This Row],[Date]] -> 46271 | B2: =Fixtures[[#This Row],[Opposition]] -> DAN | AC2: =SUM(Goals[[#This Row],[Alf M]:[Will]]) -> 0
A3: 46278 | B3: =Fixtures[[#This Row],[Opposition]] -> 0 | AC3: =SUM(Goals[[#This Row],[Alf M]:[Will]]) -> 0
A4: 46285 | B4: =Fixtures[[#This Row],[Opposition]] -> 0 | AC4: =SUM(Goals[[#This Row],[Alf M]:[Will]]) -> 0
A5: 46292 | B5: =Fixtures[[#This Row],[Opposition]] -> 0 | AC5: =SUM(Goals[[#This Row],[Alf M]:[Will]]) -> 0
A6: 46299 | B6: =Fixtures[[#This Row],[Opposition]] -> 0 | AC6: =SUM(Goals[[#This Row],[Alf M]:[Will]]) -> 0
A7: 46306 | B7: =Fixtures[[#This Row],[Opposition]] -> 0 | AC7: =SUM(Goals[[#This Row],[Alf M]:[Will]]) -> 0
A8: 46313 | B8: =Fixtures[[#This Row],[Opposition]] -> 0 | AC8: =SUM(Goals[[#This Row],[Alf M]:[Will]]) -> 0
A9: 46320 | B9: =Fixtures[[#This Row],[Opposition]] -> 0 | AC9: =SUM(Goals[[#This Row],[Alf M]:[Will]]) -> 0
A10: 46327 | B10: =Fixtures[[#This Row],[Opposition]] -> 0 | AC10: =SUM(Goals[[#This Row],[Alf M]:[Will]]) -> 0
A11: 46334 | B11: =Fixtures[[#This Row],[Opposition]] -> 0 | AC11: =SUM(Goals[[#This Row],[Alf M]:[Will]]) -> 0
A12: 46341 | B12: =Fixtures[[#This Row],[Opposition]] -> 0 | AC12: =SUM(Goals[[#This Row],[Alf M]:[Will]]) -> 0
A13: 46348 | B13: =Fixtures[[#This Row],[Opposition]] -> 0 | AC13: =SUM(Goals[[#This Row],[Alf M]:[Will]]) -> 0
A14: 46355 | B14: =Fixtures[[#This Row],[Opposition]] -> 0 | AC14: =SUM(Goals[[#This Row],[Alf M]:[Will]]) -> 0
... A53: 46628 | B53: =Fixtures[[#This Row],[Opposition]] -> 0 | AC53: =SUM(Goals[[#This Row],[Alf M]:[Will]]) -> 0
B54: Total | C54: =SUBTOTAL(109,Goals[Alf M]) -> 0 | D54: =SUBTOTAL(109,Goals[Alfie F]) -> 0 | E54: =SUBTOTAL(109,Goals[Bailey]) -> 0 | F54: =SUBTOTAL(109,Goals[Brad]) -> 0 | G54: =SUBTOTAL(109,Goals[Callum]) -> 0 | H54: =SUBTOTAL(109,Goals[Danny]) -> 0 | I54: =SUBTOTAL(109,Goals[Ethan]) -> 0 | J54: =SUBTOTAL(109,Goals[Freddie]) -> 0 | K54: =SUBTOTAL(109,Goals[George]) -> 0 | L54: =SUBTOTAL(109,Goals[Jamie]) -> 0 | M54: =SUBTOTAL(109,Goals[Jay]) -> 0 | N54: =SUBTOTAL(109,Goals[Joe]) -> 0 | O54: =SUBTOTAL(109,Goals[Josh]) -> 0 | P54: =SUBTOTAL(109,Goals[Jude]) -> 0 | Q54: =SUBTOTAL(109,Goals[Kalan]) -> 0 | R54: =SUBTOTAL(109,Goals[Kazeem]) -> 0 | S54: =SUBTOTAL(109,Goals[Keiran D]) -> 0 | T54: =SUBTOTAL(109,Goals[Keiran R]) -> 0 | U54: =SUBTOTAL(109,Goals[Liam]) -> 0 | V54: =SUBTOTAL(109,Goals[Louie]) -> 0 | W54: =SUBTOTAL(109,Goals[Rocco]) -> 0 | X54: =SUBTOTAL(109,Goals[Ronnie D]) -> 0 | Y54: =SUBTOTAL(109,Goals[Ronnie T]) -> 0 | Z54: =SUBTOTAL(109,Goals[Ryan]) -> 0 | AA54: =SUBTOTAL(109,Goals[Ryeley]) -> 0 | AB54: =SUBTOTAL(109,Goals[Will]) -> 0 | AC54: =SUBTOTAL(109,Goals[count]) -> 0

Sheet Assists
A1: Date | B1: Opposition | C1: Alf M | D1: Alfie F | E1: Bailey | F1: Brad | G1: Callum | H1: Danny | I1: Ethan | J1: Freddie | K1: George | L1: Jamie | M1: Jay | N1: Joe | O1: Josh | P1: Jude | Q1: Kalan | R1: Kazeem | S1: Keiran D | T1: Keiran R | U1: Liam | V1: Louie | W1: Rocco | X1: Ronnie D | Y1: Ronnie T | Z1: Ryan | AA1: Ryeley | AB1: Will | AC1: Count
A2: 46271 | B2: =Fixtures[[#This Row],[Opposition]] -> DAN | AC2: =SUM(Assists[[#This Row],[Alf M]:[Will]]) -> 0
A3: 46278 | B3: =Fixtures[[#This Row],[Opposition]] -> 0 | AC3: =SUM(Assists[[#This Row],[Alf M]:[Will]]) -> 0
A4: 46285 | B4: =Fixtures[[#This Row],[Opposition]] -> 0 | AC4: =SUM(Assists[[#This Row],[Alf M]:[Will]]) -> 0
A5: 46292 | B5: =Fixtures[[#This Row],[Opposition]] -> 0 | AC5: =SUM(Assists[[#This Row],[Alf M]:[Will]]) -> 0
A6: 46299 | B6: =Fixtures[[#This Row],[Opposition]] -> 0 | AC6: =SUM(Assists[[#This Row],[Alf M]:[Will]]) -> 0
A7: 46306 | B7: =Fixtures[[#This Row],[Opposition]] -> 0 | AC7: =SUM(Assists[[#This Row],[Alf M]:[Will]]) -> 0
A8: 46313 | B8: =Fixtures[[#This Row],[Opposition]] -> 0 | AC8: =SUM(Assists[[#This Row],[Alf M]:[Will]]) -> 0
A9: 46320 | B9: =Fixtures[[#This Row],[Opposition]] -> 0 | AC9: =SUM(Assists[[#This Row],[Alf M]:[Will]]) -> 0
A10: 46327 | B10: =Fixtures[[#This Row],[Opposition]] -> 0 | AC10: =SUM(Assists[[#This Row],[Alf M]:[Will]]) -> 0
A11: 46334 | B11: =Fixtures[[#This Row],[Opposition]] -> 0 | AC11: =SUM(Assists[[#This Row],[Alf M]:[Will]]) -> 0
A12: 46341 | B12: =Fixtures[[#This Row],[Opposition]] -> 0 | AC12: =SUM(Assists[[#This Row],[Alf M]:[Will]]) -> 0
A13: 46348 | B13: =Fixtures[[#This Row],[Opposition]] -> 0 | AC13: =SUM(Assists[[#This Row],[Alf M]:[Will]]) -> 0
... A53: 46628 | B53: =Fixtures[[#This Row],[Opposition]] -> 0 | AC53: =SUM(Assists[[#This Row],[Alf M]:[Will]]) -> 0
B54: Total | C54: =SUBTOTAL(109,Assists[Alf M]) -> 0 | D54: =SUBTOTAL(109,Assists[Alfie F]) -> 0 | E54: =SUBTOTAL(109,Assists[Bailey]) -> 0 | F54: =SUBTOTAL(109,Assists[Brad]) -> 0 | G54: =SUBTOTAL(109,Assists[Callum]) -> 0 | H54: =SUBTOTAL(109,Assists[Danny]) -> 0 | I54: =SUBTOTAL(109,Assists[Ethan]) -> 0 | J54: =SUBTOTAL(109,Assists[Freddie]) -> 0 | K54: =SUBTOTAL(109,Assists[George]) -> 0 | L54: =SUBTOTAL(109,Assists[Jamie]) -> 0 | M54: =SUBTOTAL(109,Assists[Jay]) -> 0 | N54: =SUBTOTAL(109,Assists[Joe]) -> 0 | O54: =SUBTOTAL(109,Assists[Josh]) -> 0 | P54: =SUBTOTAL(109,Assists[Jude]) -> 0 | Q54: =SUBTOTAL(109,Assists[Kalan]) -> 0 | R54: =SUBTOTAL(109,Assists[Kazeem]) -> 0 | S54: =SUBTOTAL(109,Assists[Keiran D]) -> 0 | T54: =SUBTOTAL(109,Assists[Keiran R]) -> 0 | U54: =SUBTOTAL(109,Assists[Liam]) -> 0 | Y54: =SUBTOTAL(109,Assists[Ronnie T]) -> 0 | AA54: =SUBTOTAL(109,Assists[Ryeley]) -> 0 | AB54: =SUBTOTAL(109,Assists[Will]) -> 0 | AC54: =SUBTOTAL(109,Assists[Count]) -> 0

Sheet Events
A1: Date | B1: Opposition | C1: Alf M | D1: Alfie F | E1: Bailey | F1: Brad | G1: Callum | H1: Danny | I1: Ethan | J1: Freddie | K1: George | L1: Jamie | M1: Jay | N1: Joe | O1: Josh | P1: Jude | Q1: Kalan | R1: Kazeem | S1: Keiran D | T1: Keiran R | U1: Liam | V1: Louie | W1: Rocco | X1: Ronnie D | Y1: Ronnie T | Z1: Ryan | AA1: Ryeley | AB1: Will
A2: 46271 | B2: =Fixtures[[#This Row],[Opposition]] -> DAN
A3: 46278 | B3: =Fixtures[[#This Row],[Opposition]] -> 0
A4: 46285 | B4: =Fixtures[[#This Row],[Opposition]] -> 0
A5: 46292 | B5: =Fixtures[[#This Row],[Opposition]] -> 0
A6: 46299 | B6: =Fixtures[[#This Row],[Opposition]] -> 0
A7: 46306 | B7: =Fixtures[[#This Row],[Opposition]] -> 0
A8: 46313 | B8: =Fixtures[[#This Row],[Opposition]] -> 0
A9: 46320 | B9: =Fixtures[[#This Row],[Opposition]] -> 0
A10: 46327 | B10: =Fixtures[[#This Row],[Opposition]] -> 0
A11: 46334 | B11: =Fixtures[[#This Row],[Opposition]] -> 0
A12: 46341 | B12: =Fixtures[[#This Row],[Opposition]] -> 0
A13: 46348 | B13: =Fixtures[[#This Row],[Opposition]] -> 0
... A53: 46628 | B53: =Fixtures[[#This Row],[Opposition]] -> 0

Sheet Match Attendance
A1: Date | B1: Day | C1: Opposition | D1: Alf M | E1: Alfie F | F1: Bailey | G1: Brad | H1: Callum | I1: Danny | J1: Ethan | K1: Freddie | L1: George | M1: Jamie | N1: Jay | O1: Joe | P1: Josh | Q1: Jude | R1: Kalan | S1: Kazeem | T1: Keiran D | U1: Keiran R | V1: Liam | W1: Louie | X1: Rocco | Y1: Ronnie D | Z1: Ronnie T | AA1: Ryan | AB1: Ryeley | AC1: Will | AD1: COUNT
A2: =Fixtures[[#This Row],[Date]] -> 46271 | B2: =Match_Attendance[[#This Row],[Date]] -> 46271 | C2: =Fixtures[[#This Row],[Opposition]] -> DAN | D2: FALSE | E2: FALSE | F2: FALSE | G2: FALSE | H2: FALSE | I2: FALSE | J2: FALSE | K2: FALSE | L2: FALSE | M2: FALSE | N2: FALSE | O2: FALSE | P2: FALSE | Q2: FALSE | R2: FALSE | S2: FALSE | T2: FALSE | U2: FALSE | V2: FALSE | W2: FALSE | X2: FALSE | Y2: FALSE | Z2: FALSE | AA2: FALSE | AB2: FALSE | AC2: FALSE | AD2: =COUNTIF(Match_Attendance[[#This Row],[Alf M]:[Ronnie D]],"Y") -> 0
A3: =Fixtures[[#This Row],[Date]] -> 46278 | B3: =Match_Attendance[[#This Row],[Date]] -> 46278 | C3: =Fixtures[[#This Row],[Opposition]] -> 0 | D3: FALSE | E3: FALSE | F3: FALSE | G3: FALSE | H3: FALSE | I3: FALSE | J3: FALSE | K3: FALSE | L3: FALSE | M3: FALSE | N3: FALSE | O3: FALSE | P3: FALSE | Q3: FALSE | R3: FALSE | S3: FALSE | T3: FALSE | U3: FALSE | V3: FALSE | W3: FALSE | X3: FALSE | Y3: FALSE | Z3: FALSE | AA3: FALSE | AB3: FALSE | AC3: FALSE | AD3: =COUNTIF(Match_Attendance[[#This Row],[Alf M]:[Ronnie D]],"Y") -> 0
A4: =Fixtures[[#This Row],[Date]] -> 46285 | B4: =Match_Attendance[[#This Row],[Date]] -> 46285 | C4: =Fixtures[[#This Row],[Opposition]] -> 0 | D4: FALSE | E4: FALSE | F4: FALSE | G4: FALSE | H4: FALSE | I4: FALSE | J4: FALSE | K4: FALSE | L4: FALSE | M4: FALSE | N4: FALSE | O4: FALSE | P4: FALSE | Q4: FALSE | R4: FALSE | S4: FALSE | T4: FALSE | U4: FALSE | V4: FALSE | W4: FALSE | X4: FALSE | Y4: FALSE | Z4: FALSE | AA4: FALSE | AB4: FALSE | AC4: FALSE | AD4: =COUNTIF(Match_Attendance[[#This Row],[Alf M]:[Ronnie D]],"Y") -> 0
A5: =Fixtures[[#This Row],[Date]] -> 46292 | B5: =Match_Attendance[[#This Row],[Date]] -> 46292 | C5: =Fixtures[[#This Row],[Opposition]] -> 0 | D5: FALSE | E5: FALSE | F5: FALSE | G5: FALSE | H5: FALSE | I5: FALSE | J5: FALSE | K5: FALSE | L5: FALSE | M5: FALSE | N5: FALSE | O5: FALSE | P5: FALSE | Q5: FALSE | R5: FALSE | S5: FALSE | T5: FALSE | U5: FALSE | V5: FALSE | W5: FALSE | X5: FALSE | Y5: FALSE | Z5: FALSE | AA5: FALSE | AB5: FALSE | AC5: FALSE | AD5: =COUNTIF(Match_Attendance[[#This Row],[Alf M]:[Ronnie D]],"Y") -> 0
A6: =Fixtures[[#This Row],[Date]] -> 46299 | B6: =Match_Attendance[[#This Row],[Date]] -> 46299 | C6: =Fixtures[[#This Row],[Opposition]] -> 0 | D6: FALSE | E6: FALSE | F6: FALSE | G6: FALSE | H6: FALSE | I6: FALSE | J6: FALSE | K6: FALSE | L6: FALSE | M6: FALSE | N6: FALSE | O6: FALSE | P6: FALSE | Q6: FALSE | R6: FALSE | S6: FALSE | T6: FALSE | U6: FALSE | V6: FALSE | W6: FALSE | X6: FALSE | Y6: FALSE | Z6: FALSE | AA6: FALSE | AB6: FALSE | AC6: FALSE | AD6: =COUNTIF(Match_Attendance[[#This Row],[Alf M]:[Ronnie D]],"Y") -> 0
A7: =Fixtures[[#This Row],[Date]] -> 46306 | B7: =Match_Attendance[[#This Row],[Date]] -> 46306 | C7: =Fixtures[[#This Row],[Opposition]] -> 0 | D7: FALSE | E7: FALSE | F7: FALSE | G7: FALSE | H7: FALSE | I7: FALSE | J7: FALSE | K7: FALSE | L7: FALSE | M7: FALSE | N7: FALSE | O7: FALSE | P7: FALSE | Q7: FALSE | R7: FALSE | S7: FALSE | T7: FALSE | U7: FALSE | V7: FALSE | W7: FALSE | X7: FALSE | Y7: FALSE | Z7: FALSE | AA7: FALSE | AB7: FALSE | AC7: FALSE | AD7: =COUNTIF(Match_Attendance[[#This Row],[Alf M]:[Ronnie D]],"Y") -> 0
A8: =Fixtures[[#This Row],[Date]] -> 46313 | B8: =Match_Attendance[[#This Row],[Date]] -> 46313 | C8: =Fixtures[[#This Row],[Opposition]] -> 0 | D8: FALSE | E8: FALSE | F8: FALSE | G8: FALSE | H8: FALSE | I8: FALSE | J8: FALSE | K8: FALSE | L8: FALSE | M8: FALSE | N8: FALSE | O8: FALSE | P8: FALSE | Q8: FALSE | R8: FALSE | S8: FALSE | T8: FALSE | U8: FALSE | V8: FALSE | W8: FALSE | X8: FALSE | Y8: FALSE | Z8: FALSE | AA8: FALSE | AB8: FALSE | AC8: FALSE | AD8: =COUNTIF(Match_Attendance[[#This Row],[Alf M]:[Ronnie D]],"Y") -> 0
A9: =Fixtures[[#This Row],[Date]] -> 46320 | B9: =Match_Attendance[[#This Row],[Date]] -> 46320 | C9: =Fixtures[[#This Row],[Opposition]] -> 0 | D9: FALSE | E9: FALSE | F9: FALSE | G9: FALSE | H9: FALSE | I9: FALSE | J9: FALSE | K9: FALSE | L9: FALSE | M9: FALSE | N9: FALSE | O9: FALSE | P9: FALSE | Q9: FALSE | R9: FALSE | S9: FALSE | T9: FALSE | U9: FALSE | V9: FALSE | W9: FALSE | X9: FALSE | Y9: FALSE | Z9: FALSE | AA9: FALSE | AB9: FALSE | AC9: FALSE | AD9: =COUNTIF(Match_Attendance[[#This Row],[Alf M]:[Ronnie D]],"Y") -> 0
A10: =Fixtures[[#This Row],[Date]] -> 46327 | B10: =Match_Attendance[[#This Row],[Date]] -> 46327 | C10: =Fixtures[[#This Row],[Opposition]] -> 0 | D10: FALSE | E10: FALSE | F10: FALSE | G10: FALSE | H10: FALSE | I10: FALSE | J10: FALSE | K10: FALSE | L10: FALSE | M10: FALSE | N10: FALSE | O10: FALSE | P10: FALSE | Q10: FALSE | R10: FALSE | S10: FALSE | T10: FALSE | U10: FALSE | V10: FALSE | W10: FALSE | X10: FALSE | Y10: FALSE | Z10: FALSE | AA10: FALSE | AB10: FALSE | AC10: FALSE | AD10: =COUNTIF(Match_Attendance[[#This Row],[Alf M]:[Ronnie D]],"Y") -> 0
A11: =Fixtures[[#This Row],[Date]] -> 46334 | B11: =Match_Attendance[[#This Row],[Date]] -> 46334 | C11: =Fixtures[[#This Row],[Opposition]] -> 0 | D11: FALSE | E11: FALSE | F11: FALSE | G11: FALSE | H11: FALSE | I11: FALSE | J11: FALSE | K11: FALSE | L11: FALSE | M11: FALSE | N11: FALSE | O11: FALSE | P11: FALSE | Q11: FALSE | R11: FALSE | S11: FALSE | T11: FALSE | U11: FALSE | V11: FALSE | W11: FALSE | X11: FALSE | Y11: FALSE | Z11: FALSE | AA11: FALSE | AB11: FALSE | AC11: FALSE | AD11: =COUNTIF(Match_Attendance[[#This Row],[Alf M]:[Ronnie D]],"Y") -> 0
A12: =Fixtures[[#This Row],[Date]] -> 46341 | B12: =Match_Attendance[[#This Row],[Date]] -> 46341 | C12: =Fixtures[[#This Row],[Opposition]] -> 0 | D12: FALSE | E12: FALSE | F12: FALSE | G12: FALSE | H12: FALSE | I12: FALSE | J12: FALSE | K12: FALSE | L12: FALSE | M12: FALSE | N12: FALSE | O12: FALSE | P12: FALSE | Q12: FALSE | R12: FALSE | S12: FALSE | T12: FALSE | U12: FALSE | V12: FALSE | W12: FALSE | X12: FALSE | Y12: FALSE | Z12: FALSE | AA12: FALSE | AB12: FALSE | AC12: FALSE | AD12: =COUNTIF(Match_Attendance[[#This Row],[Alf M]:[Ronnie D]],"Y") -> 0
A13: =Fixtures[[#This Row],[Date]] -> 46348 | B13: =Match_Attendance[[#This Row],[Date]] -> 46348 | C13: =Fixtures[[#This Row],[Opposition]] -> 0 | D13: FALSE | E13: FALSE | F13: FALSE | G13: FALSE | H13: FALSE | I13: FALSE | J13: FALSE | K13: FALSE | L13: FALSE | M13: FALSE | N13: FALSE | O13: FALSE | P13: FALSE | Q13: FALSE | R13: FALSE | S13: FALSE | T13: FALSE | U13: FALSE | V13: FALSE | W13: FALSE | X13: FALSE | Y13: FALSE | Z13: FALSE | AA13: FALSE | AB13: FALSE | AC13: FALSE | AD13: =COUNTIF(Match_Attendance[[#This Row],[Alf M]:[Ronnie D]],"Y") -> 0
... A53: =Fixtures[[#This Row],[Date]] -> 46628 | B53: =Match_Attendance[[#This Row],[Date]] -> 46628 | C53: =Fixtures[[#This Row],[Opposition]] -> 0 | D53: FALSE | E53: FALSE | F53: FALSE | G53: FALSE | H53: FALSE | I53: FALSE | J53: FALSE | K53: FALSE | L53: FALSE | M53: FALSE | N53: FALSE | O53: FALSE | P53: FALSE | Q53: FALSE | R53: FALSE | S53: FALSE | T53: FALSE | U53: FALSE | V53: FALSE | W53: FALSE | X53: FALSE | Y53: FALSE | Z53: FALSE | AA53: FALSE | AB53: FALSE | AC53: FALSE | AD53: =COUNTIF(Match_Attendance[[#This Row],[Alf M]:[Ronnie D]],"Y") -> 0
C54: Total | D54: =COUNTIF(Match_Attendance[Alf M],TRUE) -> 0 | E54: =COUNTIF(Match_Attendance[Alfie F],TRUE) -> 0 | F54: =COUNTIF(Match_Attendance[Bailey],TRUE) -> 0 | G54: =COUNTIF(Match_Attendance[Brad],TRUE) -> 0 | H54: =COUNTIF(Match_Attendance[Callum],TRUE) -> 0 | I54: =COUNTIF(Match_Attendance[Danny],TRUE) -> 0 | J54: =COUNTIF(Match_Attendance[Ethan],TRUE) -> 0 | K54: =COUNTIF(Match_Attendance[Freddie],TRUE) -> 0 | L54: =COUNTIF(Match_Attendance[George],TRUE) -> 0 | M54: =COUNTIF(Match_Attendance[Jamie],TRUE) -> 0 | N54: =COUNTIF(Match_Attendance[Jay],TRUE) -> 0 | O54: =COUNTIF(Match_Attendance[Joe],TRUE) -> 0 | P54: =COUNTIF(Match_Attendance[Josh],TRUE) -> 0 | Q54: =COUNTIF(Match_Attendance[Jude],TRUE) -> 0 | R54: =COUNTIF(Match_Attendance[Kalan],TRUE) -> 0 | S54: =COUNTIF(Match_Attendance[Kazeem],TRUE) -> 0 | T54: =COUNTIF(Match_Attendance[Keiran D],TRUE) -> 0 | U54: =COUNTIF(Match_Attendance[Keiran R],TRUE) -> 0 | V54: =COUNTIF(Match_Attendance[Liam],TRUE) -> 0 | W54: =COUNTIF(Match_Attendance[Louie],TRUE) -> 0 | X54: =COUNTIF(Match_Attendance[Rocco],TRUE) -> 0 | Y54: =COUNTIF(Match_Attendance[Ronnie D],TRUE) -> 0 | Z54: =COUNTIF(Match_Attendance[Ronnie T],TRUE) -> 0 | AA54: =COUNTIF(Match_Attendance[Ryan],TRUE) -> 0 | AB54: =COUNTIF(Match_Attendance[Ryeley],TRUE) -> 0 | AC54: =COUNTIF(Match_Attendance[Will],TRUE) -> 0 | AD54: =SUBTOTAL(109,Match_Attendance[COUNT]) -> 0
C58: Games Rotated | D58: =COUNTIF(Match_Attendance[Alf M], "R") -> 0 | E58: =COUNTIF(Match_Attendance[Alfie F], "R") -> 0 | F58: =COUNTIF(Match_Attendance[Bailey], "R") -> 0 | G58: =COUNTIF(Match_Attendance[Brad], "R") -> 0 | H58: =COUNTIF(Match_Attendance[Callum], "R") -> 0 | I58: =COUNTIF(Match_Attendance[Danny], "R") -> 0 | J58: =COUNTIF(Match_Attendance[Ethan], "R") -> 0 | K58: =COUNTIF(Match_Attendance[Freddie], "R") -> 0 | L58: =COUNTIF(Match_Attendance[George], "R") -> 0 | M58: =COUNTIF(Match_Attendance[Jamie], "R") -> 0 | N58: =COUNTIF(Match_Attendance[Jay], "R") -> 0 | O58: =COUNTIF(Match_Attendance[Joe], "R") -> 0 | P58: =COUNTIF(Match_Attendance[Josh], "R") -> 0 | Q58: =COUNTIF(Match_Attendance[Jude], "R") -> 0 | R58: =COUNTIF(Match_Attendance[Kalan], "R") -> 0 | S58: =COUNTIF(Match_Attendance[Kazeem], "R") -> 0 | T58: =COUNTIF(Match_Attendance[Keiran D], "R") -> 0 | U58: =COUNTIF(Match_Attendance[Keiran R], "R") -> 0 | V58: =COUNTIF(Match_Attendance[Liam], "R") -> 0 | W58: =COUNTIF(Match_Attendance[Louie], "R") -> 0 | X58: =COUNTIF(Match_Attendance[Rocco], "R") -> 0 | Y58: =COUNTIF(Match_Attendance[Ronnie D], "R") -> 0 | Z58: =COUNTIF(Match_Attendance[Ronnie T], "R") -> 0 | AA58: =COUNTIF(Match_Attendance[Ryan], "R") -> 0 | AB58: =COUNTIF(Match_Attendance[Ryeley], "R") -> 0 | AC58: =COUNTIF(Match_Attendance[Will], "R") -> 0
C60: Games Injured | D60: =COUNTIF(Match_Attendance[Alf M], "I") -> 0 | E60: =COUNTIF(Match_Attendance[Alfie F], "I") -> 0 | F60: =COUNTIF(Match_Attendance[Bailey], "I") -> 0 | G60: =COUNTIF(Match_Attendance[Brad], "I") -> 0 | H60: =COUNTIF(Match_Attendance[Callum], "I") -> 0 | I60: =COUNTIF(Match_Attendance[Danny], "I") -> 0 | J60: =COUNTIF(Match_Attendance[Ethan], "I") -> 0 | K60: =COUNTIF(Match_Attendance[Freddie], "I") -> 0 | L60: =COUNTIF(Match_Attendance[George], "I") -> 0 | M60: =COUNTIF(Match_Attendance[Jamie], "I") -> 0 | N60: =COUNTIF(Match_Attendance[Jay], "I") -> 0 | O60: =COUNTIF(Match_Attendance[Joe], "I") -> 0 | P60: =COUNTIF(Match_Attendance[Josh], "I") -> 0 | Q60: =COUNTIF(Match_Attendance[Jude], "I") -> 0 | R60: =COUNTIF(Match_Attendance[Kalan], "I") -> 0 | S60: =COUNTIF(Match_Attendance[Kazeem], "I") -> 0 | T60: =COUNTIF(Match_Attendance[Keiran D], "I") -> 0 | U60: =COUNTIF(Match_Attendance[Keiran R], "I") -> 0 | V60: =COUNTIF(Match_Attendance[Liam], "I") -> 0 | W60: =COUNTIF(Match_Attendance[Louie], "I") -> 0 | X60: =COUNTIF(Match_Attendance[Rocco], "I") -> 0 | Y60: =COUNTIF(Match_Attendance[Ronnie D], "I") -> 0 | Z60: =COUNTIF(Match_Attendance[Ronnie T], "I") -> 0 | AA60: =COUNTIF(Match_Attendance[Ryan], "I") -> 0 | AB60: =COUNTIF(Match_Attendance[Ryeley], "I") -> 0 | AC60: =COUNTIF(Match_Attendance[Will], "I") -> 0

Sheet Training Attendance
A1: Date | B1: Day | C1: Session | D1: Alf M | E1: Alfie F | F1: Bailey | G1: Brad | H1: Callum | I1: Danny | J1: Ethan | K1: Freddie | L1: George | M1: Jamie | N1: Jay | O1: Joe | P1: Josh | Q1: Jude | R1: Kalan | S1: Kazeem | T1: Keiran D | U1: Keiran R | V1: Liam | W1: Louie | X1: Rocco | Y1: Ronnie D | Z1: Ronnie T | AA1: Ryan | AB1: Ryeley | AC1: Will | AD1: COUNT
A2: 46267 | B2: =Training_Attendance[[#This Row],[Date]] -> 46267 | C2: Training | D2: {=IF(SUMPRODUCT(IFERROR(--(INT(Attendance[Start time])=Training_Attendance[[#This Row],[Date]]),0)*IFERROR(--(ISNUMBER(SEARCH(D$1,Attendance[Attendees]))),0)*IFERROR(--(Attendance[Session Type]="Training"),0))>0,"Y","")} | E2: {=IF(SUMPRODUCT(IFERROR(--(INT(Attendance[Start time])=Training_Attendance[[#This Row],[Date]]),0)*IFERROR(--(ISNUMBER(SEARCH(E$1,Attendance[Attendees]))),0)*IFERROR(--(Attendance[Session Type]="Training"),0))>0,"Y","")} | F2: {=IF(SUMPRODUCT(IFERROR(--(INT(Attendance[Start time])=Training_Attendance[[#This Row],[Date]]),0)*IFERROR(--(ISNUMBER(SEARCH(F$1,Attendance[Attendees]))),0)*IFERROR(--(Attendance[Session Type]="Training"),0))>0,"Y","")} | G2: {=IF(SUMPRODUCT(IFERROR(--(INT(Attendance[Start time])=Training_Attendance[[#This Row],[Date]]),0)*IFERROR(--(ISNUMBER(SEARCH(G$1,Attendance[Attendees]))),0)*IFERROR(--(Attendance[Session Type]="Training"),0))>0,"Y","")} | H2: {=IF(SUMPRODUCT(IFERROR(--(INT(Attendance[Start time])=Training_Attendance[[#This Row],[Date]]),0)*IFERROR(--(ISNUMBER(SEARCH(H$1,Attendance[Attendees]))),0)*IFERROR(--(Attendance[Session Type]="Training"),0))>0,"Y","")} | I2: {=IF(SUMPRODUCT(IFERROR(--(INT(Attendance[Start time])=Training_Attendance[[#This Row],[Date]]),0)*IFERROR(--(ISNUMBER(SEARCH(I$1,Attendance[Attendees]))),0)*IFERROR(--(Attendance[Session Type]="Training"),0))>0,"Y","")} | J2: {=IF(SUMPRODUCT(IFERROR(--(INT(Attendance[Start time])=Training_Attendance[[#This Row],[Date]]),0)*IFERROR(--(ISNUMBER(SEARCH(J$1,Attendance[Attendees]))),0)*IFERROR(--(Attendance[Session Type]="Training"),0))>0,"Y","")} | K2: {=IF(SUMPRODUCT(IFERROR(--(INT(Attendance[Start time])=Training_Attendance[[#This Row],[Date]]),0)*IFERROR(--(ISNUMBER(SEARCH(K$1,Attendance[Attendees]))),0)*IFERROR(--(Attendance[Session Type]="Training"),0))>0,"Y","")} | ... AC2: {=IF(SUMPRODUCT(IFERROR(--(INT(Attendance[Start time])=Training_Attendance[[#This Row],[Date]]),0)*IFERROR(--(ISNUMBER(SEARCH(AC$1,Attendance[Attendees]))),0)*IFERROR(--(Attendance[Session Type]="Training"),0))>0,"Y","")} | AD2: =COUNTIF(Training_Attendance[[#This Row],[Alf M]:[Ronnie D]],"Y") -> 0
A3: 46274 | B3: =Training_Attendance[[#This Row],[Date]] -> 46274 | C3: Training | D3: {=IF(SUMPRODUCT(IFERROR(--(INT(Attendance[Start time])=Training_Attendance[[#This Row],[Date]]),0)*IFERROR(--(ISNUMBER(SEARCH(D$1,Attendance[Attendees]))),0)*IFERROR(--(Attendance[Session Type]="Training"),0))>0,"Y","")} | E3: {=IF(SUMPRODUCT(IFERROR(--(INT(Attendance[Start time])=Training_Attendance[[#This Row],[Date]]),0)*IFERROR(--(ISNUMBER(SEARCH(E$1,Attendance[Attendees]))),0)*IFERROR(--(Attendance[Session Type]="Training"),0))>0,"Y","")} | F3: {=IF(SUMPRODUCT(IFERROR(--(INT(Attendance[Start time])=Training_Attendance[[#This Row],[Date]]),0)*IFERROR(--(ISNUMBER(SEARCH(F$1,Attendance[Attendees]))),0)*IFERROR(--(Attendance[Session Type]="Training"),0))>0,"Y","")} | G3: {=IF(SUMPRODUCT(IFERROR(--(INT(Attendance[Start time])=Training_Attendance[[#This Row],[Date]]),0)*IFERROR(--(ISNUMBER(SEARCH(G$1,Attendance[Attendees]))),0)*IFERROR(--(Attendance[Session Type]="Training"),0))>0,"Y","")} | H3: {=IF(SUMPRODUCT(IFERROR(--(INT(Attendance[Start time])=Training_Attendance[[#This Row],[Date]]),0)*IFERROR(--(ISNUMBER(SEARCH(H$1,Attendance[Attendees]))),0)*IFERROR(--(Attendance[Session Type]="Training"),0))>0,"Y","")} | I3: {=IF(SUMPRODUCT(IFERROR(--(INT(Attendance[Start time])=Training_Attendance[[#This Row],[Date]]),0)*IFERROR(--(ISNUMBER(SEARCH(I$1,Attendance[Attendees]))),0)*IFERROR(--(Attendance[Session Type]="Training"),0))>0,"Y","")} | J3: {=IF(SUMPRODUCT(IFERROR(--(INT(Attendance[Start time])=Training_Attendance[[#This Row],[Date]]),0)*IFERROR(--(ISNUMBER(SEARCH(J$1,Attendance[Attendees]))),0)*IFERROR(--(Attendance[Session Type]="Training"),0))>0,"Y","")} | K3: {=IF(SUMPRODUCT(IFERROR(--(INT(Attendance[Start time])=Training_Attendance[[#This Row],[Date]]),0)*IFERROR(--(ISNUMBER(SEARCH(K$1,Attendance[Attendees]))),0)*IFERROR(--(Attendance[Session Type]="Training"),0))>0,"Y","")} | ... AC3: {=IF(SUMPRODUCT(IFERROR(--(INT(Attendance[Start time])=Training_Attendance[[#This Row],[Date]]),0)*IFERROR(--(ISNUMBER(SEARCH(AC$1,Attendance[Attendees]))),0)*IFERROR(--(Attendance[Session Type]="Training"),0))>0,"Y","")} | AD3: =COUNTIF(Training_Attendance[[#This Row],[Alf M]:[Ronnie D]],"Y") -> 0
A4: 46281 | B4: =Training_Attendance[[#This Row],[Date]] -> 46281 | C4: Training | D4: {=IF(SUMPRODUCT(IFERROR(--(INT(Attendance[Start time])=Training_Attendance[[#This Row],[Date]]),0)*IFERROR(--(ISNUMBER(SEARCH(D$1,Attendance[Attendees]))),0)*IFERROR(--(Attendance[Session Type]="Training"),0))>0,"Y","")} | E4: {=IF(SUMPRODUCT(IFERROR(--(INT(Attendance[Start time])=Training_Attendance[[#This Row],[Date]]),0)*IFERROR(--(ISNUMBER(SEARCH(E$1,Attendance[Attendees]))),0)*IFERROR(--(Attendance[Session Type]="Training"),0))>0,"Y","")} | F4: {=IF(SUMPRODUCT(IFERROR(--(INT(Attendance[Start time])=Training_Attendance[[#This Row],[Date]]),0)*IFERROR(--(ISNUMBER(SEARCH(F$1,Attendance[Attendees]))),0)*IFERROR(--(Attendance[Session Type]="Training"),0))>0,"Y","")} | G4: {=IF(SUMPRODUCT(IFERROR(--(INT(Attendance[Start time])=Training_Attendance[[#This Row],[Date]]),0)*IFERROR(--(ISNUMBER(SEARCH(G$1,Attendance[Attendees]))),0)*IFERROR(--(Attendance[Session Type]="Training"),0))>0,"Y","")} | H4: {=IF(SUMPRODUCT(IFERROR(--(INT(Attendance[Start time])=Training_Attendance[[#This Row],[Date]]),0)*IFERROR(--(ISNUMBER(SEARCH(H$1,Attendance[Attendees]))),0)*IFERROR(--(Attendance[Session Type]="Training"),0))>0,"Y","")} | I4: {=IF(SUMPRODUCT(IFERROR(--(INT(Attendance[Start time])=Training_Attendance[[#This Row],[Date]]),0)*IFERROR(--(ISNUMBER(SEARCH(I$1,Attendance[Attendees]))),0)*IFERROR(--(Attendance[Session Type]="Training"),0))>0,"Y","")} | J4: {=IF(SUMPRODUCT(IFERROR(--(INT(Attendance[Start time])=Training_Attendance[[#This Row],[Date]]),0)*IFERROR(--(ISNUMBER(SEARCH(J$1,Attendance[Attendees]))),0)*IFERROR(--(Attendance[Session Type]="Training"),0))>0,"Y","")} | K4: {=IF(SUMPRODUCT(IFERROR(--(INT(Attendance[Start time])=Training_Attendance[[#This Row],[Date]]),0)*IFERROR(--(ISNUMBER(SEARCH(K$1,Attendance[Attendees]))),0)*IFERROR(--(Attendance[Session Type]="Training"),0))>0,"Y","")} | ... AC4: {=IF(SUMPRODUCT(IFERROR(--(INT(Attendance[Start time])=Training_Attendance[[#This Row],[Date]]),0)*IFERROR(--(ISNUMBER(SEARCH(AC$1,Attendance[Attendees]))),0)*IFERROR(--(Attendance[Session Type]="Training"),0))>0,"Y","")} | AD4: =COUNTIF(Training_Attendance[[#This Row],[Alf M]:[Ronnie D]],"Y") -> 0
A5: 46288 | B5: =Training_Attendance[[#This Row],[Date]] -> 46288 | C5: Training | D5: {=IF(SUMPRODUCT(IFERROR(--(INT(Attendance[Start time])=Training_Attendance[[#This Row],[Date]]),0)*IFERROR(--(ISNUMBER(SEARCH(D$1,Attendance[Attendees]))),0)*IFERROR(--(Attendance[Session Type]="Training"),0))>0,"Y","")} | E5: {=IF(SUMPRODUCT(IFERROR(--(INT(Attendance[Start time])=Training_Attendance[[#This Row],[Date]]),0)*IFERROR(--(ISNUMBER(SEARCH(E$1,Attendance[Attendees]))),0)*IFERROR(--(Attendance[Session Type]="Training"),0))>0,"Y","")} | F5: {=IF(SUMPRODUCT(IFERROR(--(INT(Attendance[Start time])=Training_Attendance[[#This Row],[Date]]),0)*IFERROR(--(ISNUMBER(SEARCH(F$1,Attendance[Attendees]))),0)*IFERROR(--(Attendance[Session Type]="Training"),0))>0,"Y","")} | G5: {=IF(SUMPRODUCT(IFERROR(--(INT(Attendance[Start time])=Training_Attendance[[#This Row],[Date]]),0)*IFERROR(--(ISNUMBER(SEARCH(G$1,Attendance[Attendees]))),0)*IFERROR(--(Attendance[Session Type]="Training"),0))>0,"Y","")} | H5: {=IF(SUMPRODUCT(IFERROR(--(INT(Attendance[Start time])=Training_Attendance[[#This Row],[Date]]),0)*IFERROR(--(ISNUMBER(SEARCH(H$1,Attendance[Attendees]))),0)*IFERROR(--(Attendance[Session Type]="Training"),0))>0,"Y","")} | I5: {=IF(SUMPRODUCT(IFERROR(--(INT(Attendance[Start time])=Training_Attendance[[#This Row],[Date]]),0)*IFERROR(--(ISNUMBER(SEARCH(I$1,Attendance[Attendees]))),0)*IFERROR(--(Attendance[Session Type]="Training"),0))>0,"Y","")} | J5: {=IF(SUMPRODUCT(IFERROR(--(INT(Attendance[Start time])=Training_Attendance[[#This Row],[Date]]),0)*IFERROR(--(ISNUMBER(SEARCH(J$1,Attendance[Attendees]))),0)*IFERROR(--(Attendance[Session Type]="Training"),0))>0,"Y","")} | K5: {=IF(SUMPRODUCT(IFERROR(--(INT(Attendance[Start time])=Training_Attendance[[#This Row],[Date]]),0)*IFERROR(--(ISNUMBER(SEARCH(K$1,Attendance[Attendees]))),0)*IFERROR(--(Attendance[Session Type]="Training"),0))>0,"Y","")} | ... AC5: {=IF(SUMPRODUCT(IFERROR(--(INT(Attendance[Start time])=Training_Attendance[[#This Row],[Date]]),0)*IFERROR(--(ISNUMBER(SEARCH(AC$1,Attendance[Attendees]))),0)*IFERROR(--(Attendance[Session Type]="Training"),0))>0,"Y","")} | AD5: =COUNTIF(Training_Attendance[[#This Row],[Alf M]:[Ronnie D]],"Y") -> 0
A6: 46295 | B6: =Training_Attendance[[#This Row],[Date]] -> 46295 | C6: Training | D6: {=IF(SUMPRODUCT(IFERROR(--(INT(Attendance[Start time])=Training_Attendance[[#This Row],[Date]]),0)*IFERROR(--(ISNUMBER(SEARCH(D$1,Attendance[Attendees]))),0)*IFERROR(--(Attendance[Session Type]="Training"),0))>0,"Y","")} | E6: {=IF(SUMPRODUCT(IFERROR(--(INT(Attendance[Start time])=Training_Attendance[[#This Row],[Date]]),0)*IFERROR(--(ISNUMBER(SEARCH(E$1,Attendance[Attendees]))),0)*IFERROR(--(Attendance[Session Type]="Training"),0))>0,"Y","")} | F6: {=IF(SUMPRODUCT(IFERROR(--(INT(Attendance[Start time])=Training_Attendance[[#This Row],[Date]]),0)*IFERROR(--(ISNUMBER(SEARCH(F$1,Attendance[Attendees]))),0)*IFERROR(--(Attendance[Session Type]="Training"),0))>0,"Y","")} | G6: {=IF(SUMPRODUCT(IFERROR(--(INT(Attendance[Start time])=Training_Attendance[[#This Row],[Date]]),0)*IFERROR(--(ISNUMBER(SEARCH(G$1,Attendance[Attendees]))),0)*IFERROR(--(Attendance[Session Type]="Training"),0))>0,"Y","")} | H6: {=IF(SUMPRODUCT(IFERROR(--(INT(Attendance[Start time])=Training_Attendance[[#This Row],[Date]]),0)*IFERROR(--(ISNUMBER(SEARCH(H$1,Attendance[Attendees]))),0)*IFERROR(--(Attendance[Session Type]="Training"),0))>0,"Y","")} | I6: {=IF(SUMPRODUCT(IFERROR(--(INT(Attendance[Start time])=Training_Attendance[[#This Row],[Date]]),0)*IFERROR(--(ISNUMBER(SEARCH(I$1,Attendance[Attendees]))),0)*IFERROR(--(Attendance[Session Type]="Training"),0))>0,"Y","")} | J6: {=IF(SUMPRODUCT(IFERROR(--(INT(Attendance[Start time])=Training_Attendance[[#This Row],[Date]]),0)*IFERROR(--(ISNUMBER(SEARCH(J$1,Attendance[Attendees]))),0)*IFERROR(--(Attendance[Session Type]="Training"),0))>0,"Y","")} | K6: {=IF(SUMPRODUCT(IFERROR(--(INT(Attendance[Start time])=Training_Attendance[[#This Row],[Date]]),0)*IFERROR(--(ISNUMBER(SEARCH(K$1,Attendance[Attendees]))),0)*IFERROR(--(Attendance[Session Type]="Training"),0))>0,"Y","")} | ... AC6: {=IF(SUMPRODUCT(IFERROR(--(INT(Attendance[Start time])=Training_Attendance[[#This Row],[Date]]),0)*IFERROR(--(ISNUMBER(SEARCH(AC$1,Attendance[Attendees]))),0)*IFERROR(--(Attendance[Session Type]="Training"),0))>0,"Y","")} | AD6: =COUNTIF(Training_Attendance[[#This Row],[Alf M]:[Ronnie D]],"Y") -> 0
A7: 46302 | B7: =Training_Attendance[[#This Row],[Date]] -> 46302 | C7: Training | D7: {=IF(SUMPRODUCT(IFERROR(--(INT(Attendance[Start time])=Training_Attendance[[#This Row],[Date]]),0)*IFERROR(--(ISNUMBER(SEARCH(D$1,Attendance[Attendees]))),0)*IFERROR(--(Attendance[Session Type]="Training"),0))>0,"Y","")} | E7: {=IF(SUMPRODUCT(IFERROR(--(INT(Attendance[Start time])=Training_Attendance[[#This Row],[Date]]),0)*IFERROR(--(ISNUMBER(SEARCH(E$1,Attendance[Attendees]))),0)*IFERROR(--(Attendance[Session Type]="Training"),0))>0,"Y","")} | F7: {=IF(SUMPRODUCT(IFERROR(--(INT(Attendance[Start time])=Training_Attendance[[#This Row],[Date]]),0)*IFERROR(--(ISNUMBER(SEARCH(F$1,Attendance[Attendees]))),0)*IFERROR(--(Attendance[Session Type]="Training"),0))>0,"Y","")} | G7: {=IF(SUMPRODUCT(IFERROR(--(INT(Attendance[Start time])=Training_Attendance[[#This Row],[Date]]),0)*IFERROR(--(ISNUMBER(SEARCH(G$1,Attendance[Attendees]))),0)*IFERROR(--(Attendance[Session Type]="Training"),0))>0,"Y","")} | H7: {=IF(SUMPRODUCT(IFERROR(--(INT(Attendance[Start time])=Training_Attendance[[#This Row],[Date]]),0)*IFERROR(--(ISNUMBER(SEARCH(H$1,Attendance[Attendees]))),0)*IFERROR(--(Attendance[Session Type]="Training"),0))>0,"Y","")} | I7: {=IF(SUMPRODUCT(IFERROR(--(INT(Attendance[Start time])=Training_Attendance[[#This Row],[Date]]),0)*IFERROR(--(ISNUMBER(SEARCH(I$1,Attendance[Attendees]))),0)*IFERROR(--(Attendance[Session Type]="Training"),0))>0,"Y","")} | J7: {=IF(SUMPRODUCT(IFERROR(--(INT(Attendance[Start time])=Training_Attendance[[#This Row],[Date]]),0)*IFERROR(--(ISNUMBER(SEARCH(J$1,Attendance[Attendees]))),0)*IFERROR(--(Attendance[Session Type]="Training"),0))>0,"Y","")} | K7: {=IF(SUMPRODUCT(IFERROR(--(INT(Attendance[Start time])=Training_Attendance[[#This Row],[Date]]),0)*IFERROR(--(ISNUMBER(SEARCH(K$1,Attendance[Attendees]))),0)*IFERROR(--(Attendance[Session Type]="Training"),0))>0,"Y","")} | ... AC7: {=IF(SUMPRODUCT(IFERROR(--(INT(Attendance[Start time])=Training_Attendance[[#This Row],[Date]]),0)*IFERROR(--(ISNUMBER(SEARCH(AC$1,Attendance[Attendees]))),0)*IFERROR(--(Attendance[Session Type]="Training"),0))>0,"Y","")} | AD7: =COUNTIF(Training_Attendance[[#This Row],[Alf M]:[Ronnie D]],"Y") -> 0
A8: 46309 | B8: =Training_Attendance[[#This Row],[Date]] -> 46309 | C8: Training | D8: {=IF(SUMPRODUCT(IFERROR(--(INT(Attendance[Start time])=Training_Attendance[[#This Row],[Date]]),0)*IFERROR(--(ISNUMBER(SEARCH(D$1,Attendance[Attendees]))),0)*IFERROR(--(Attendance[Session Type]="Training"),0))>0,"Y","")} | E8: {=IF(SUMPRODUCT(IFERROR(--(INT(Attendance[Start time])=Training_Attendance[[#This Row],[Date]]),0)*IFERROR(--(ISNUMBER(SEARCH(E$1,Attendance[Attendees]))),0)*IFERROR(--(Attendance[Session Type]="Training"),0))>0,"Y","")} | F8: {=IF(SUMPRODUCT(IFERROR(--(INT(Attendance[Start time])=Training_Attendance[[#This Row],[Date]]),0)*IFERROR(--(ISNUMBER(SEARCH(F$1,Attendance[Attendees]))),0)*IFERROR(--(Attendance[Session Type]="Training"),0))>0,"Y","")} | G8: {=IF(SUMPRODUCT(IFERROR(--(INT(Attendance[Start time])=Training_Attendance[[#This Row],[Date]]),0)*IFERROR(--(ISNUMBER(SEARCH(G$1,Attendance[Attendees]))),0)*IFERROR(--(Attendance[Session Type]="Training"),0))>0,"Y","")} | H8: {=IF(SUMPRODUCT(IFERROR(--(INT(Attendance[Start time])=Training_Attendance[[#This Row],[Date]]),0)*IFERROR(--(ISNUMBER(SEARCH(H$1,Attendance[Attendees]))),0)*IFERROR(--(Attendance[Session Type]="Training"),0))>0,"Y","")} | I8: {=IF(SUMPRODUCT(IFERROR(--(INT(Attendance[Start time])=Training_Attendance[[#This Row],[Date]]),0)*IFERROR(--(ISNUMBER(SEARCH(I$1,Attendance[Attendees]))),0)*IFERROR(--(Attendance[Session Type]="Training"),0))>0,"Y","")} | J8: {=IF(SUMPRODUCT(IFERROR(--(INT(Attendance[Start time])=Training_Attendance[[#This Row],[Date]]),0)*IFERROR(--(ISNUMBER(SEARCH(J$1,Attendance[Attendees]))),0)*IFERROR(--(Attendance[Session Type]="Training"),0))>0,"Y","")} | K8: {=IF(SUMPRODUCT(IFERROR(--(INT(Attendance[Start time])=Training_Attendance[[#This Row],[Date]]),0)*IFERROR(--(ISNUMBER(SEARCH(K$1,Attendance[Attendees]))),0)*IFERROR(--(Attendance[Session Type]="Training"),0))>0,"Y","")} | ... AC8: {=IF(SUMPRODUCT(IFERROR(--(INT(Attendance[Start time])=Training_Attendance[[#This Row],[Date]]),0)*IFERROR(--(ISNUMBER(SEARCH(AC$1,Attendance[Attendees]))),0)*IFERROR(--(Attendance[Session Type]="Training"),0))>0,"Y","")} | AD8: =COUNTIF(Training_Attendance[[#This Row],[Alf M]:[Ronnie D]],"Y") -> 0
A9: 46316 | B9: =Training_Attendance[[#This Row],[Date]] -> 46316 | C9: Training | D9: {=IF(SUMPRODUCT(IFERROR(--(INT(Attendance[Start time])=Training_Attendance[[#This Row],[Date]]),0)*IFERROR(--(ISNUMBER(SEARCH(D$1,Attendance[Attendees]))),0)*IFERROR(--(Attendance[Session Type]="Training"),0))>0,"Y","")} | E9: {=IF(SUMPRODUCT(IFERROR(--(INT(Attendance[Start time])=Training_Attendance[[#This Row],[Date]]),0)*IFERROR(--(ISNUMBER(SEARCH(E$1,Attendance[Attendees]))),0)*IFERROR(--(Attendance[Session Type]="Training"),0))>0,"Y","")} | F9: {=IF(SUMPRODUCT(IFERROR(--(INT(Attendance[Start time])=Training_Attendance[[#This Row],[Date]]),0)*IFERROR(--(ISNUMBER(SEARCH(F$1,Attendance[Attendees]))),0)*IFERROR(--(Attendance[Session Type]="Training"),0))>0,"Y","")} | G9: {=IF(SUMPRODUCT(IFERROR(--(INT(Attendance[Start time])=Training_Attendance[[#This Row],[Date]]),0)*IFERROR(--(ISNUMBER(SEARCH(G$1,Attendance[Attendees]))),0)*IFERROR(--(Attendance[Session Type]="Training"),0))>0,"Y","")} | H9: {=IF(SUMPRODUCT(IFERROR(--(INT(Attendance[Start time])=Training_Attendance[[#This Row],[Date]]),0)*IFERROR(--(ISNUMBER(SEARCH(H$1,Attendance[Attendees]))),0)*IFERROR(--(Attendance[Session Type]="Training"),0))>0,"Y","")} | I9: {=IF(SUMPRODUCT(IFERROR(--(INT(Attendance[Start time])=Training_Attendance[[#This Row],[Date]]),0)*IFERROR(--(ISNUMBER(SEARCH(I$1,Attendance[Attendees]))),0)*IFERROR(--(Attendance[Session Type]="Training"),0))>0,"Y","")} | J9: {=IF(SUMPRODUCT(IFERROR(--(INT(Attendance[Start time])=Training_Attendance[[#This Row],[Date]]),0)*IFERROR(--(ISNUMBER(SEARCH(J$1,Attendance[Attendees]))),0)*IFERROR(--(Attendance[Session Type]="Training"),0))>0,"Y","")} | K9: {=IF(SUMPRODUCT(IFERROR(--(INT(Attendance[Start time])=Training_Attendance[[#This Row],[Date]]),0)*IFERROR(--(ISNUMBER(SEARCH(K$1,Attendance[Attendees]))),0)*IFERROR(--(Attendance[Session Type]="Training"),0))>0,"Y","")} | ... AC9: {=IF(SUMPRODUCT(IFERROR(--(INT(Attendance[Start time])=Training_Attendance[[#This Row],[Date]]),0)*IFERROR(--(ISNUMBER(SEARCH(AC$1,Attendance[Attendees]))),0)*IFERROR(--(Attendance[Session Type]="Training"),0))>0,"Y","")} | AD9: =COUNTIF(Training_Attendance[[#This Row],[Alf M]:[Ronnie D]],"Y") -> 0
A10: 46323 | B10: =Training_Attendance[[#This Row],[Date]] -> 46323 | C10: Training | D10: {=IF(SUMPRODUCT(IFERROR(--(INT(Attendance[Start time])=Training_Attendance[[#This Row],[Date]]),0)*IFERROR(--(ISNUMBER(SEARCH(D$1,Attendance[Attendees]))),0)*IFERROR(--(Attendance[Session Type]="Training"),0))>0,"Y","")} | E10: {=IF(SUMPRODUCT(IFERROR(--(INT(Attendance[Start time])=Training_Attendance[[#This Row],[Date]]),0)*IFERROR(--(ISNUMBER(SEARCH(E$1,Attendance[Attendees]))),0)*IFERROR(--(Attendance[Session Type]="Training"),0))>0,"Y","")} | F10: {=IF(SUMPRODUCT(IFERROR(--(INT(Attendance[Start time])=Training_Attendance[[#This Row],[Date]]),0)*IFERROR(--(ISNUMBER(SEARCH(F$1,Attendance[Attendees]))),0)*IFERROR(--(Attendance[Session Type]="Training"),0))>0,"Y","")} | G10: {=IF(SUMPRODUCT(IFERROR(--(INT(Attendance[Start time])=Training_Attendance[[#This Row],[Date]]),0)*IFERROR(--(ISNUMBER(SEARCH(G$1,Attendance[Attendees]))),0)*IFERROR(--(Attendance[Session Type]="Training"),0))>0,"Y","")} | H10: {=IF(SUMPRODUCT(IFERROR(--(INT(Attendance[Start time])=Training_Attendance[[#This Row],[Date]]),0)*IFERROR(--(ISNUMBER(SEARCH(H$1,Attendance[Attendees]))),0)*IFERROR(--(Attendance[Session Type]="Training"),0))>0,"Y","")} | I10: {=IF(SUMPRODUCT(IFERROR(--(INT(Attendance[Start time])=Training_Attendance[[#This Row],[Date]]),0)*IFERROR(--(ISNUMBER(SEARCH(I$1,Attendance[Attendees]))),0)*IFERROR(--(Attendance[Session Type]="Training"),0))>0,"Y","")} | J10: {=IF(SUMPRODUCT(IFERROR(--(INT(Attendance[Start time])=Training_Attendance[[#This Row],[Date]]),0)*IFERROR(--(ISNUMBER(SEARCH(J$1,Attendance[Attendees]))),0)*IFERROR(--(Attendance[Session Type]="Training"),0))>0,"Y","")} | K10: {=IF(SUMPRODUCT(IFERROR(--(INT(Attendance[Start time])=Training_Attendance[[#This Row],[Date]]),0)*IFERROR(--(ISNUMBER(SEARCH(K$1,Attendance[Attendees]))),0)*IFERROR(--(Attendance[Session Type]="Training"),0))>0,"Y","")} | ... AC10: {=IF(SUMPRODUCT(IFERROR(--(INT(Attendance[Start time])=Training_Attendance[[#This Row],[Date]]),0)*IFERROR(--(ISNUMBER(SEARCH(AC$1,Attendance[Attendees]))),0)*IFERROR(--(Attendance[Session Type]="Training"),0))>0,"Y","")} | AD10: =COUNTIF(Training_Attendance[[#This Row],[Alf M]:[Ronnie D]],"Y") -> 0
A11: 46330 | B11: =Training_Attendance[[#This Row],[Date]] -> 46330 | C11: Training | D11: {=IF(SUMPRODUCT(IFERROR(--(INT(Attendance[Start time])=Training_Attendance[[#This Row],[Date]]),0)*IFERROR(--(ISNUMBER(SEARCH(D$1,Attendance[Attendees]))),0)*IFERROR(--(Attendance[Session Type]="Training"),0))>0,"Y","")} | E11: {=IF(SUMPRODUCT(IFERROR(--(INT(Attendance[Start time])=Training_Attendance[[#This Row],[Date]]),0)*IFERROR(--(ISNUMBER(SEARCH(E$1,Attendance[Attendees]))),0)*IFERROR(--(Attendance[Session Type]="Training"),0))>0,"Y","")} | F11: {=IF(SUMPRODUCT(IFERROR(--(INT(Attendance[Start time])=Training_Attendance[[#This Row],[Date]]),0)*IFERROR(--(ISNUMBER(SEARCH(F$1,Attendance[Attendees]))),0)*IFERROR(--(Attendance[Session Type]="Training"),0))>0,"Y","")} | G11: {=IF(SUMPRODUCT(IFERROR(--(INT(Attendance[Start time])=Training_Attendance[[#This Row],[Date]]),0)*IFERROR(--(ISNUMBER(SEARCH(G$1,Attendance[Attendees]))),0)*IFERROR(--(Attendance[Session Type]="Training"),0))>0,"Y","")} | H11: {=IF(SUMPRODUCT(IFERROR(--(INT(Attendance[Start time])=Training_Attendance[[#This Row],[Date]]),0)*IFERROR(--(ISNUMBER(SEARCH(H$1,Attendance[Attendees]))),0)*IFERROR(--(Attendance[Session Type]="Training"),0))>0,"Y","")} | I11: {=IF(SUMPRODUCT(IFERROR(--(INT(Attendance[Start time])=Training_Attendance[[#This Row],[Date]]),0)*IFERROR(--(ISNUMBER(SEARCH(I$1,Attendance[Attendees]))),0)*IFERROR(--(Attendance[Session Type]="Training"),0))>0,"Y","")} | J11: {=IF(SUMPRODUCT(IFERROR(--(INT(Attendance[Start time])=Training_Attendance[[#This Row],[Date]]),0)*IFERROR(--(ISNUMBER(SEARCH(J$1,Attendance[Attendees]))),0)*IFERROR(--(Attendance[Session Type]="Training"),0))>0,"Y","")} | K11: {=IF(SUMPRODUCT(IFERROR(--(INT(Attendance[Start time])=Training_Attendance[[#This Row],[Date]]),0)*IFERROR(--(ISNUMBER(SEARCH(K$1,Attendance[Attendees]))),0)*IFERROR(--(Attendance[Session Type]="Training"),0))>0,"Y","")} | ... AC11: {=IF(SUMPRODUCT(IFERROR(--(INT(Attendance[Start time])=Training_Attendance[[#This Row],[Date]]),0)*IFERROR(--(ISNUMBER(SEARCH(AC$1,Attendance[Attendees]))),0)*IFERROR(--(Attendance[Session Type]="Training"),0))>0,"Y","")} | AD11: =COUNTIF(Training_Attendance[[#This Row],[Alf M]:[Ronnie D]],"Y") -> 0
A12: 46337 | B12: =Training_Attendance[[#This Row],[Date]] -> 46337 | C12: Training | D12: {=IF(SUMPRODUCT(IFERROR(--(INT(Attendance[Start time])=Training_Attendance[[#This Row],[Date]]),0)*IFERROR(--(ISNUMBER(SEARCH(D$1,Attendance[Attendees]))),0)*IFERROR(--(Attendance[Session Type]="Training"),0))>0,"Y","")} | E12: {=IF(SUMPRODUCT(IFERROR(--(INT(Attendance[Start time])=Training_Attendance[[#This Row],[Date]]),0)*IFERROR(--(ISNUMBER(SEARCH(E$1,Attendance[Attendees]))),0)*IFERROR(--(Attendance[Session Type]="Training"),0))>0,"Y","")} | F12: {=IF(SUMPRODUCT(IFERROR(--(INT(Attendance[Start time])=Training_Attendance[[#This Row],[Date]]),0)*IFERROR(--(ISNUMBER(SEARCH(F$1,Attendance[Attendees]))),0)*IFERROR(--(Attendance[Session Type]="Training"),0))>0,"Y","")} | G12: {=IF(SUMPRODUCT(IFERROR(--(INT(Attendance[Start time])=Training_Attendance[[#This Row],[Date]]),0)*IFERROR(--(ISNUMBER(SEARCH(G$1,Attendance[Attendees]))),0)*IFERROR(--(Attendance[Session Type]="Training"),0))>0,"Y","")} | H12: {=IF(SUMPRODUCT(IFERROR(--(INT(Attendance[Start time])=Training_Attendance[[#This Row],[Date]]),0)*IFERROR(--(ISNUMBER(SEARCH(H$1,Attendance[Attendees]))),0)*IFERROR(--(Attendance[Session Type]="Training"),0))>0,"Y","")} | I12: {=IF(SUMPRODUCT(IFERROR(--(INT(Attendance[Start time])=Training_Attendance[[#This Row],[Date]]),0)*IFERROR(--(ISNUMBER(SEARCH(I$1,Attendance[Attendees]))),0)*IFERROR(--(Attendance[Session Type]="Training"),0))>0,"Y","")} | J12: {=IF(SUMPRODUCT(IFERROR(--(INT(Attendance[Start time])=Training_Attendance[[#This Row],[Date]]),0)*IFERROR(--(ISNUMBER(SEARCH(J$1,Attendance[Attendees]))),0)*IFERROR(--(Attendance[Session Type]="Training"),0))>0,"Y","")} | K12: {=IF(SUMPRODUCT(IFERROR(--(INT(Attendance[Start time])=Training_Attendance[[#This Row],[Date]]),0)*IFERROR(--(ISNUMBER(SEARCH(K$1,Attendance[Attendees]))),0)*IFERROR(--(Attendance[Session Type]="Training"),0))>0,"Y","")} | ... AC12: {=IF(SUMPRODUCT(IFERROR(--(INT(Attendance[Start time])=Training_Attendance[[#This Row],[Date]]),0)*IFERROR(--(ISNUMBER(SEARCH(AC$1,Attendance[Attendees]))),0)*IFERROR(--(Attendance[Session Type]="Training"),0))>0,"Y","")} | AD12: =COUNTIF(Training_Attendance[[#This Row],[Alf M]:[Ronnie D]],"Y") -> 0
A13: 46344 | B13: =Training_Attendance[[#This Row],[Date]] -> 46344 | C13: Training | D13: {=IF(SUMPRODUCT(IFERROR(--(INT(Attendance[Start time])=Training_Attendance[[#This Row],[Date]]),0)*IFERROR(--(ISNUMBER(SEARCH(D$1,Attendance[Attendees]))),0)*IFERROR(--(Attendance[Session Type]="Training"),0))>0,"Y","")} | E13: {=IF(SUMPRODUCT(IFERROR(--(INT(Attendance[Start time])=Training_Attendance[[#This Row],[Date]]),0)*IFERROR(--(ISNUMBER(SEARCH(E$1,Attendance[Attendees]))),0)*IFERROR(--(Attendance[Session Type]="Training"),0))>0,"Y","")} | F13: {=IF(SUMPRODUCT(IFERROR(--(INT(Attendance[Start time])=Training_Attendance[[#This Row],[Date]]),0)*IFERROR(--(ISNUMBER(SEARCH(F$1,Attendance[Attendees]))),0)*IFERROR(--(Attendance[Session Type]="Training"),0))>0,"Y","")} | G13: {=IF(SUMPRODUCT(IFERROR(--(INT(Attendance[Start time])=Training_Attendance[[#This Row],[Date]]),0)*IFERROR(--(ISNUMBER(SEARCH(G$1,Attendance[Attendees]))),0)*IFERROR(--(Attendance[Session Type]="Training"),0))>0,"Y","")} | H13: {=IF(SUMPRODUCT(IFERROR(--(INT(Attendance[Start time])=Training_Attendance[[#This Row],[Date]]),0)*IFERROR(--(ISNUMBER(SEARCH(H$1,Attendance[Attendees]))),0)*IFERROR(--(Attendance[Session Type]="Training"),0))>0,"Y","")} | I13: {=IF(SUMPRODUCT(IFERROR(--(INT(Attendance[Start time])=Training_Attendance[[#This Row],[Date]]),0)*IFERROR(--(ISNUMBER(SEARCH(I$1,Attendance[Attendees]))),0)*IFERROR(--(Attendance[Session Type]="Training"),0))>0,"Y","")} | J13: {=IF(SUMPRODUCT(IFERROR(--(INT(Attendance[Start time])=Training_Attendance[[#This Row],[Date]]),0)*IFERROR(--(ISNUMBER(SEARCH(J$1,Attendance[Attendees]))),0)*IFERROR(--(Attendance[Session Type]="Training"),0))>0,"Y","")} | K13: {=IF(SUMPRODUCT(IFERROR(--(INT(Attendance[Start time])=Training_Attendance[[#This Row],[Date]]),0)*IFERROR(--(ISNUMBER(SEARCH(K$1,Attendance[Attendees]))),0)*IFERROR(--(Attendance[Session Type]="Training"),0))>0,"Y","")} | ... AC13: {=IF(SUMPRODUCT(IFERROR(--(INT(Attendance[Start time])=Training_Attendance[[#This Row],[Date]]),0)*IFERROR(--(ISNUMBER(SEARCH(AC$1,Attendance[Attendees]))),0)*IFERROR(--(Attendance[Session Type]="Training"),0))>0,"Y","")} | AD13: =COUNTIF(Training_Attendance[[#This Row],[Alf M]:[Ronnie D]],"Y") -> 0
... A53: 46624 | B53: =Training_Attendance[[#This Row],[Date]] -> 46624 | C53: Training | D53: {=IF(SUMPRODUCT(IFERROR(--(INT(Attendance[Start time])=Training_Attendance[[#This Row],[Date]]),0)*IFERROR(--(ISNUMBER(SEARCH(D$1,Attendance[Attendees]))),0)*IFERROR(--(Attendance[Session Type]="Training"),0))>0,"Y","")} | E53: {=IF(SUMPRODUCT(IFERROR(--(INT(Attendance[Start time])=Training_Attendance[[#This Row],[Date]]),0)*IFERROR(--(ISNUMBER(SEARCH(E$1,Attendance[Attendees]))),0)*IFERROR(--(Attendance[Session Type]="Training"),0))>0,"Y","")} | F53: {=IF(SUMPRODUCT(IFERROR(--(INT(Attendance[Start time])=Training_Attendance[[#This Row],[Date]]),0)*IFERROR(--(ISNUMBER(SEARCH(F$1,Attendance[Attendees]))),0)*IFERROR(--(Attendance[Session Type]="Training"),0))>0,"Y","")} | G53: {=IF(SUMPRODUCT(IFERROR(--(INT(Attendance[Start time])=Training_Attendance[[#This Row],[Date]]),0)*IFERROR(--(ISNUMBER(SEARCH(G$1,Attendance[Attendees]))),0)*IFERROR(--(Attendance[Session Type]="Training"),0))>0,"Y","")} | H53: {=IF(SUMPRODUCT(IFERROR(--(INT(Attendance[Start time])=Training_Attendance[[#This Row],[Date]]),0)*IFERROR(--(ISNUMBER(SEARCH(H$1,Attendance[Attendees]))),0)*IFERROR(--(Attendance[Session Type]="Training"),0))>0,"Y","")} | I53: {=IF(SUMPRODUCT(IFERROR(--(INT(Attendance[Start time])=Training_Attendance[[#This Row],[Date]]),0)*IFERROR(--(ISNUMBER(SEARCH(I$1,Attendance[Attendees]))),0)*IFERROR(--(Attendance[Session Type]="Training"),0))>0,"Y","")} | J53: {=IF(SUMPRODUCT(IFERROR(--(INT(Attendance[Start time])=Training_Attendance[[#This Row],[Date]]),0)*IFERROR(--(ISNUMBER(SEARCH(J$1,Attendance[Attendees]))),0)*IFERROR(--(Attendance[Session Type]="Training"),0))>0,"Y","")} | K53: {=IF(SUMPRODUCT(IFERROR(--(INT(Attendance[Start time])=Training_Attendance[[#This Row],[Date]]),0)*IFERROR(--(ISNUMBER(SEARCH(K$1,Attendance[Attendees]))),0)*IFERROR(--(Attendance[Session Type]="Training"),0))>0,"Y","")} | ... AC53: {=IF(SUMPRODUCT(IFERROR(--(INT(Attendance[Start time])=Training_Attendance[[#This Row],[Date]]),0)*IFERROR(--(ISNUMBER(SEARCH(AC$1,Attendance[Attendees]))),0)*IFERROR(--(Attendance[Session Type]="Training"),0))>0,"Y","")} | AD53: =COUNTIF(Training_Attendance[[#This Row],[Alf M]:[Ronnie D]],"Y") -> 0
C54: Total Trained | D54: =COUNTIF(D2:D53, "Y") -> 1 | E54: =COUNTIF(E2:E53, "Y") -> 0 | F54: =COUNTIF(F2:F53, "Y") -> 0 | G54: =COUNTIF(G2:G53, "Y") -> 0 | H54: =COUNTIF(H2:H53, "Y") -> 0 | I54: =COUNTIF(I2:I53, "Y") -> 1 | J54: =COUNTIF(J2:J53, "Y") -> 0 | K54: =COUNTIF(K2:K53, "Y") -> 0 | ... AC54: =COUNTIF(AC2:AC53, "Y") -> 0 | AD54: =SUBTOTAL(109,Training_Attendance[COUNT]) -> 5
C56: Total Injured | D56: =COUNTIF(D3:D54, "I") -> 0 | E56: =COUNTIF(E3:E54, "I") -> 0 | F56: =COUNTIF(F3:F54, "I") -> 0 | G56: =COUNTIF(G3:G54, "I") -> 0 | H56: =COUNTIF(H3:H54, "I") -> 0 | I56: =COUNTIF(I3:I54, "I") -> 0 | J56: =COUNTIF(J3:J54, "I") -> 0 | K56: =COUNTIF(K3:K54, "I") -> 0 | ... AC56: =COUNTIF(AC3:AC54, "I") -> 0
C57: Total Absent | D57: =COUNTIFS(D2:D53,"",$A$2:$A$53,"<="&TODAY()) -> 0 | E57: =COUNTIFS(E2:E53,"",$A$2:$A$53,"<="&TODAY()) -> 0 | F57: =COUNTIFS(F2:F53,"",$A$2:$A$53,"<="&TODAY()) -> 0 | G57: =COUNTIFS(G2:G53,"",$A$2:$A$53,"<="&TODAY()) -> 0 | H57: =COUNTIFS(H2:H53,"",$A$2:$A$53,"<="&TODAY()) -> 0 | I57: =COUNTIFS(I2:I53,"",$A$2:$A$53,"<="&TODAY()) -> 0 | J57: =COUNTIFS(J2:J53,"",$A$2:$A$53,"<="&TODAY()) -> 0 | K57: =COUNTIFS(K2:K53,"",$A$2:$A$53,"<="&TODAY()) -> 0 | ... AC57: =COUNTIFS(AC2:AC53,"",$A$2:$A$53,"<="&TODAY()) -> 0

Sheet Match Info
A1: Id | B1: Start time | C1: Scorers | D1: Assists | E1: Penalties | F1: Freekicks | G1: Yellow Card - Sin Bin | H1: Yellow Card | I1: Red Card
A2: =[2]!OfficeForms.Table[[#This Row],[Id]] -> 1 | B2: =[2]!OfficeForms.Table[[#This Row],[Start time]] -> 46203.639 | C2: =[2]!OfficeForms.Table[[#This Row],[Scorers]] -> Alf | D2: =[2]!OfficeForms.Table[[#This Row],[Assists]] -> joe | E2: =[2]!OfficeForms.Table[[#This Row],[Penalties]] -> Kalan | F2: =[2]!OfficeForms.Table[[#This Row],[Freekicks]] -> Jay | G2: =[2]!OfficeForms.Table[[#This Row],[Yellow Card - Sin Bin]] -> 0 | H2: =[2]!OfficeForms.Table[[#This Row],[Yellow Card]] -> 0 | I2: =[2]!OfficeForms.Table[[#This Row],[Red Card]] -> 0
A3: =[2]!OfficeForms.Table[[#This Row],[Id]] -> 2 | B3: =[2]!OfficeForms.Table[[#This Row],[Start time]] -> 46203.642 | C3: =[2]!OfficeForms.Table[[#This Row],[Scorers]] -> Ryeley | D3: =[2]!OfficeForms.Table[[#This Row],[Assists]] -> Bailey | E3: =[2]!OfficeForms.Table[[#This Row],[Penalties]] -> Joe | F3: =[2]!OfficeForms.Table[[#This Row],[Freekicks]] -> Kalen | G3: =[2]!OfficeForms.Table[[#This Row],[Yellow Card - Sin Bin]] -> Josh | H3: =[2]!OfficeForms.Table[[#This Row],[Yellow Card]] -> Ronnie T | I3: =[2]!OfficeForms.Table[[#This Row],[Red Card]] -> Ronnie D
A4: =[2]!OfficeForms.Table[[#This Row],[Id]] -> 3 | B4: =[2]!OfficeForms.Table[[#This Row],[Start time]] -> 46203.67 | C4: =[2]!OfficeForms.Table[[#This Row],[Scorers]] -> joe, josh | D4: =[2]!OfficeForms.Table[[#This Row],[Assists]] -> 0 | E4: =[2]!OfficeForms.Table[[#This Row],[Penalties]] -> 0 | F4: =[2]!OfficeForms.Table[[#This Row],[Freekicks]] -> 0 | G4: =[2]!OfficeForms.Table[[#This Row],[Yellow Card - Sin Bin]] -> 0 | H4: =[2]!OfficeForms.Table[[#This Row],[Yellow Card]] -> 0 | I4: =[2]!OfficeForms.Table[[#This Row],[Red Card]] -> 0
A5: =[2]!OfficeForms.Table[[#This Row],[Id]] -> #VALUE! | B5: =[2]!OfficeForms.Table[[#This Row],[Start time]] -> #VALUE! | C5: =[2]!OfficeForms.Table[[#This Row],[Scorers]] -> #VALUE! | D5: =[2]!OfficeForms.Table[[#This Row],[Assists]] -> #VALUE! | E5: =[2]!OfficeForms.Table[[#This Row],[Penalties]] -> #VALUE! | F5: =[2]!OfficeForms.Table[[#This Row],[Freekicks]] -> #VALUE! | G5: =[2]!OfficeForms.Table[[#This Row],[Yellow Card - Sin Bin]] -> #VALUE! | H5: =[2]!OfficeForms.Table[[#This Row],[Yellow Card]] -> #VALUE! | I5: =[2]!OfficeForms.Table[[#This Row],[Red Card]] -> #VALUE!
A6: =[2]!OfficeForms.Table[[#This Row],[Id]] -> #VALUE! | B6: =[2]!OfficeForms.Table[[#This Row],[Start time]] -> #VALUE! | C6: =[2]!OfficeForms.Table[[#This Row],[Scorers]] -> #VALUE! | D6: =[2]!OfficeForms.Table[[#This Row],[Assists]] -> #VALUE! | E6: =[2]!OfficeForms.Table[[#This Row],[Penalties]] -> #VALUE! | F6: =[2]!OfficeForms.Table[[#This Row],[Freekicks]] -> #VALUE! | G6: =[2]!OfficeForms.Table[[#This Row],[Yellow Card - Sin Bin]] -> #VALUE! | H6: =[2]!OfficeForms.Table[[#This Row],[Yellow Card]] -> #VALUE! | I6: =[2]!OfficeForms.Table[[#This Row],[Red Card]] -> #VALUE!
A7: =[2]!OfficeForms.Table[[#This Row],[Id]] -> #VALUE! | B7: =[2]!OfficeForms.Table[[#This Row],[Start time]] -> #VALUE! | C7: =[2]!OfficeForms.Table[[#This Row],[Scorers]] -> #VALUE! | D7: =[2]!OfficeForms.Table[[#This Row],[Assists]] -> #VALUE! | E7: =[2]!OfficeForms.Table[[#This Row],[Penalties]] -> #VALUE! | F7: =[2]!OfficeForms.Table[[#This Row],[Freekicks]] -> #VALUE! | G7: =[2]!OfficeForms.Table[[#This Row],[Yellow Card - Sin Bin]] -> #VALUE! | H7: =[2]!OfficeForms.Table[[#This Row],[Yellow Card]] -> #VALUE! | I7: =[2]!OfficeForms.Table[[#This Row],[Red Card]] -> #VALUE!
A8: =[2]!OfficeForms.Table[[#This Row],[Id]] -> #VALUE! | B8: =[2]!OfficeForms.Table[[#This Row],[Start time]] -> #VALUE! | C8: =[2]!OfficeForms.Table[[#This Row],[Scorers]] -> #VALUE! | D8: =[2]!OfficeForms.Table[[#This Row],[Assists]] -> #VALUE! | E8: =[2]!OfficeForms.Table[[#This Row],[Penalties]] -> #VALUE! | F8: =[2]!OfficeForms.Table[[#This Row],[Freekicks]] -> #VALUE! | G8: =[2]!OfficeForms.Table[[#This Row],[Yellow Card - Sin Bin]] -> #VALUE! | H8: =[2]!OfficeForms.Table[[#This Row],[Yellow Card]] -> #VALUE! | I8: =[2]!OfficeForms.Table[[#This Row],[Red Card]] -> #VALUE!
A9: =[2]!OfficeForms.Table[[#This Row],[Id]] -> #VALUE! | B9: =[2]!OfficeForms.Table[[#This Row],[Start time]] -> #VALUE! | C9: =[2]!OfficeForms.Table[[#This Row],[Scorers]] -> #VALUE! | D9: =[2]!OfficeForms.Table[[#This Row],[Assists]] -> #VALUE! | E9: =[2]!OfficeForms.Table[[#This Row],[Penalties]] -> #VALUE! | F9: =[2]!OfficeForms.Table[[#This Row],[Freekicks]] -> #VALUE! | G9: =[2]!OfficeForms.Table[[#This Row],[Yellow Card - Sin Bin]] -> #VALUE! | H9: =[2]!OfficeForms.Table[[#This Row],[Yellow Card]] -> #VALUE! | I9: =[2]!OfficeForms.Table[[#This Row],[Red Card]] -> #VALUE!
A10: =[2]!OfficeForms.Table[[#This Row],[Id]] -> #VALUE! | B10: =[2]!OfficeForms.Table[[#This Row],[Start time]] -> #VALUE! | C10: =[2]!OfficeForms.Table[[#This Row],[Scorers]] -> #VALUE! | D10: =[2]!OfficeForms.Table[[#This Row],[Assists]] -> #VALUE! | E10: =[2]!OfficeForms.Table[[#This Row],[Penalties]] -> #VALUE! | F10: =[2]!OfficeForms.Table[[#This Row],[Freekicks]] -> #VALUE! | G10: =[2]!OfficeForms.Table[[#This Row],[Yellow Card - Sin Bin]] -> #VALUE! | H10: =[2]!OfficeForms.Table[[#This Row],[Yellow Card]] -> #VALUE! | I10: =[2]!OfficeForms.Table[[#This Row],[Red Card]] -> #VALUE!
A11: =[2]!OfficeForms.Table[[#This Row],[Id]] -> #VALUE! | B11: =[2]!OfficeForms.Table[[#This Row],[Start time]] -> #VALUE! | C11: =[2]!OfficeForms.Table[[#This Row],[Scorers]] -> #VALUE! | D11: =[2]!OfficeForms.Table[[#This Row],[Assists]] -> #VALUE! | E11: =[2]!OfficeForms.Table[[#This Row],[Penalties]] -> #VALUE! | F11: =[2]!OfficeForms.Table[[#This Row],[Freekicks]] -> #VALUE! | G11: =[2]!OfficeForms.Table[[#This Row],[Yellow Card - Sin Bin]] -> #VALUE! | H11: =[2]!OfficeForms.Table[[#This Row],[Yellow Card]] -> #VALUE! | I11: =[2]!OfficeForms.Table[[#This Row],[Red Card]] -> #VALUE!
A12: =[2]!OfficeForms.Table[[#This Row],[Id]] -> #VALUE! | B12: =[2]!OfficeForms.Table[[#This Row],[Start time]] -> #VALUE! | C12: =[2]!OfficeForms.Table[[#This Row],[Scorers]] -> #VALUE! | D12: =[2]!OfficeForms.Table[[#This Row],[Assists]] -> #VALUE! | E12: =[2]!OfficeForms.Table[[#This Row],[Penalties]] -> #VALUE! | F12: =[2]!OfficeForms.Table[[#This Row],[Freekicks]] -> #VALUE! | G12: =[2]!OfficeForms.Table[[#This Row],[Yellow Card - Sin Bin]] -> #VALUE! | H12: =[2]!OfficeForms.Table[[#This Row],[Yellow Card]] -> #VALUE! | I12: =[2]!OfficeForms.Table[[#This Row],[Red Card]] -> #VALUE!
A13: =[2]!OfficeForms.Table[[#This Row],[Id]] -> #VALUE! | B13: =[2]!OfficeForms.Table[[#This Row],[Start time]] -> #VALUE! | C13: =[2]!OfficeForms.Table[[#This Row],[Scorers]] -> #VALUE! | D13: =[2]!OfficeForms.Table[[#This Row],[Assists]] -> #VALUE! | E13: =[2]!OfficeForms.Table[[#This Row],[Penalties]] -> #VALUE! | F13: =[2]!OfficeForms.Table[[#This Row],[Freekicks]] -> #VALUE! | G13: =[2]!OfficeForms.Table[[#This Row],[Yellow Card - Sin Bin]] -> #VALUE! | H13: =[2]!OfficeForms.Table[[#This Row],[Yellow Card]] -> #VALUE! | I13: =[2]!OfficeForms.Table[[#This Row],[Red Card]] -> #VALUE!
... A46: =[2]!OfficeForms.Table[[#This Row],[Id]] -> #VALUE! | B46: =[2]!OfficeForms.Table[[#This Row],[Start time]] -> #VALUE! | C46: =[2]!OfficeForms.Table[[#This Row],[Scorers]] -> #VALUE! | D46: =[2]!OfficeForms.Table[[#This Row],[Assists]] -> #VALUE! | E46: =[2]!OfficeForms.Table[[#This Row],[Penalties]] -> #VALUE! | F46: =[2]!OfficeForms.Table[[#This Row],[Freekicks]] -> #VALUE! | G46: =[2]!OfficeForms.Table[[#This Row],[Yellow Card - Sin Bin]] -> #VALUE! | H46: =[2]!OfficeForms.Table[[#This Row],[Yellow Card]] -> #VALUE! | I46: =[2]!OfficeForms.Table[[#This Row],[Red Card]] -> #VALUE!

Sheet Monthly Fees
A1: Name | B1: Sept | C1: Oct | D1: Nov | E1: Dec | F1: Jan | G1: Feb | H1: Mar | I1: Apr | J1: May | K1: June | L1: July | M1: August
A2: =Squad!A2 -> Alf Morris
A3: =Squad!A3 -> Alfie Ferrari
A4: =Squad!A4 -> Bailey Smith
A5: =Squad!A5 -> Brad Eccott
A6: =Squad!A6 -> Callum Cripps
A7: =Squad!A7 -> Danny Grace
A8: =Squad!A8 -> Ethan
A9: =Squad!A9 -> Freddie
A10: =Squad!A10 -> George Hickson
A11: =Squad!A11 -> Jamie Selby
A12: =Squad!A12 -> Jay Penniall
A13: =Squad!A13 -> Joe Gallagher
... A27: =Squad!A27 -> Will Beecham
A28: Total | B28: =SUBTOTAL(109,Monthly_Fees[Sept]) -> 0 | C28: =SUBTOTAL(109,Monthly_Fees[Oct]) -> 0 | D28: =SUBTOTAL(109,Monthly_Fees[Nov]) -> 0 | E28: =SUBTOTAL(109,Monthly_Fees[Dec]) -> 0 | F28: =SUBTOTAL(109,Monthly_Fees[Jan]) -> 0 | G28: =SUBTOTAL(109,Monthly_Fees[Feb]) -> 0 | H28: =SUBTOTAL(109,Monthly_Fees[Mar]) -> 0 | I28: =SUBTOTAL(109,Monthly_Fees[Apr]) -> 0 | J28: =SUBTOTAL(109,Monthly_Fees[May]) -> 0 | K28: =SUBTOTAL(109,Monthly_Fees[June]) -> 0 | L28: =SUBTOTAL(109,Monthly_Fees[July]) -> 0 | M28: =SUBTOTAL(109,Monthly_Fees[August]) -> 0
A29: Count | B29: =COUNT(B2:B27) -> 0 | C29: =COUNT(C2:C27) -> 0 | D29: =COUNT(D2:D27) -> 0 | E29: =COUNT(E2:E27) -> 0 | F29: =COUNT(F2:F27) -> 0 | G29: =COUNT(G2:G27) -> 0 | H29: =COUNT(H2:H27) -> 0 | I29: =COUNT(I2:I27) -> 0 | ... M29: =COUNT(M2:M27) -> 0
A31: =COUNTA((A2:A22)) -> 21 | B31: =Player_Costs[[#Totals],[Training / Month]] -> 390

Sheet Ledger
B2: Month | C2: Day | D2: Date | E2: Potential out | F2: Actual Out | G2: Running Total | H2: Code | L2: Balance | N2: =#REF!-Ledger!Q20 -> #REF!
B3: September
A4: Expected | C4: Tuesday | D4: =IF(OR(C4="",MONTH(DATE(2026,9,1)+0*7+MOD(MATCH(C4,{"Sunday","Monday","Tuesday","Wednesday","Thursday","Friday","Saturday"},0)-WEEKDAY(DATE(2026,9,1))+7,7))<>9),"",DATE(2026,9,1)+0*7+MOD(MATCH(C4,{"Sunday","Monday","Tuesday","Wednesday","Thursday","Friday","Saturday"},0)-WEEKDAY(DATE(2026,9,1))+7,7)) -> 46266 | E4: =$N$29 -> 80 | F4: {=SUMPRODUCT(SUMIF(Costs[Code],TRIM(_xlfn.TEXTSPLIT(H15,",")),Costs[Cost]))} -> 0 | H4: m,r
A5: Actual | C5: Sunday | D5: =IF(OR(C5="",MONTH(DATE(2026,9,1)+0*7+MOD(MATCH(C5,{"Sunday","Monday","Tuesday","Wednesday","Thursday","Friday","Saturday"},0)-WEEKDAY(DATE(2026,9,1))+7,7))<>9),"",DATE(2026,9,1)+0*7+MOD(MATCH(C5,{"Sunday","Monday","Tuesday","Wednesday","Thursday","Friday","Saturday"},0)-WEEKDAY(DATE(2026,9,1))+7,7)) -> 46271 | F5: {=SUMPRODUCT(SUMIF(Costs[Code],TRIM(_xlfn.TEXTSPLIT(H16,",")),Costs[Cost]))} -> 0 | L5: Invoices | P5: Equipment Bought | Q5: Cost
A6: Difference | C6: Tuesday | D6: =IF(OR(C6="",MONTH(DATE(2026,9,1)+1*7+MOD(MATCH(C6,{"Sunday","Monday","Tuesday","Wednesday","Thursday","Friday","Saturday"},0)-WEEKDAY(DATE(2026,9,1))+7,7))<>9),"",DATE(2026,9,1)+1*7+MOD(MATCH(C6,{"Sunday","Monday","Tuesday","Wednesday","Thursday","Friday","Saturday"},0)-WEEKDAY(DATE(2026,9,1))+7,7)) -> 46273 | E6: =$N$29 -> 80 | F6: {=SUMPRODUCT(SUMIF(Costs[Code],TRIM(_xlfn.TEXTSPLIT(H17,",")),Costs[Cost]))} -> 0 | L6: Month | M6: Amount | N6: Status
C7: Sunday | D7: =IF(OR(C7="",MONTH(DATE(2026,9,1)+1*7+MOD(MATCH(C7,{"Sunday","Monday","Tuesday","Wednesday","Thursday","Friday","Saturday"},0)-WEEKDAY(DATE(2026,9,1))+7,7))<>9),"",DATE(2026,9,1)+1*7+MOD(MATCH(C7,{"Sunday","Monday","Tuesday","Wednesday","Thursday","Friday","Saturday"},0)-WEEKDAY(DATE(2026,9,1))+7,7)) -> 46278 | F7: {=SUMPRODUCT(SUMIF(Costs[Code],TRIM(_xlfn.TEXTSPLIT(H18,",")),Costs[Cost]))} -> 0 | L7: August
C8: Tuesday | D8: =IF(OR(C8="",MONTH(DATE(2026,9,1)+2*7+MOD(MATCH(C8,{"Sunday","Monday","Tuesday","Wednesday","Thursday","Friday","Saturday"},0)-WEEKDAY(DATE(2026,9,1))+7,7))<>9),"",DATE(2026,9,1)+2*7+MOD(MATCH(C8,{"Sunday","Monday","Tuesday","Wednesday","Thursday","Friday","Saturday"},0)-WEEKDAY(DATE(2026,9,1))+7,7)) -> 46280 | E8: =$N$29 -> 80 | F8: {=SUMPRODUCT(SUMIF(Costs[Code],TRIM(_xlfn.TEXTSPLIT(H19,",")),Costs[Cost]))} -> 0 | L8: September
C9: Sunday | D9: =IF(OR(C9="",MONTH(DATE(2026,9,1)+2*7+MOD(MATCH(C9,{"Sunday","Monday","Tuesday","Wednesday","Thursday","Friday","Saturday"},0)-WEEKDAY(DATE(2026,9,1))+7,7))<>9),"",DATE(2026,9,1)+2*7+MOD(MATCH(C9,{"Sunday","Monday","Tuesday","Wednesday","Thursday","Friday","Saturday"},0)-WEEKDAY(DATE(2026,9,1))+7,7)) -> 46285 | F9: {=SUMPRODUCT(SUMIF(Costs[Code],TRIM(_xlfn.TEXTSPLIT(H20,",")),Costs[Cost]))} -> 0 | L9: October
C10: Tuesday | D10: =IF(OR(C10="",MONTH(DATE(2026,9,1)+3*7+MOD(MATCH(C10,{"Sunday","Monday","Tuesday","Wednesday","Thursday","Friday","Saturday"},0)-WEEKDAY(DATE(2026,9,1))+7,7))<>9),"",DATE(2026,9,1)+3*7+MOD(MATCH(C10,{"Sunday","Monday","Tuesday","Wednesday","Thursday","Friday","Saturday"},0)-WEEKDAY(DATE(2026,9,1))+7,7)) -> 46287 | E10: =$N$29 -> 80 | F10: {=SUMPRODUCT(SUMIF(Costs[Code],TRIM(_xlfn.TEXTSPLIT(H21,",")),Costs[Cost]))} -> 0 | L10: November
C11: Sunday | D11: =IF(OR(C11="",MONTH(DATE(2026,9,1)+3*7+MOD(MATCH(C11,{"Sunday","Monday","Tuesday","Wednesday","Thursday","Friday","Saturday"},0)-WEEKDAY(DATE(2026,9,1))+7,7))<>9),"",DATE(2026,9,1)+3*7+MOD(MATCH(C11,{"Sunday","Monday","Tuesday","Wednesday","Thursday","Friday","Saturday"},0)-WEEKDAY(DATE(2026,9,1))+7,7)) -> 46292 | F11: {=SUMPRODUCT(SUMIF(Costs[Code],TRIM(_xlfn.TEXTSPLIT(H22,",")),Costs[Cost]))} -> 0 | L11: December
C12: Tuesday | D12: =IF(OR(C12="",MONTH(DATE(2026,9,1)+4*7+MOD(MATCH(C12,{"Sunday","Monday","Tuesday","Wednesday","Thursday","Friday","Saturday"},0)-WEEKDAY(DATE(2026,9,1))+7,7))<>9),"",DATE(2026,9,1)+4*7+MOD(MATCH(C12,{"Sunday","Monday","Tuesday","Wednesday","Thursday","Friday","Saturday"},0)-WEEKDAY(DATE(2026,9,1))+7,7)) -> 46294 | E12: =$N$29 -> 80 | F12: {=SUMPRODUCT(SUMIF(Costs[Code],TRIM(_xlfn.TEXTSPLIT(H23,",")),Costs[Cost]))} -> 0 | L12: January
E13: =SUM(E4:E10) -> 320 | F13: =SUM(F4:F12) -> 0 | G13: =B5-F13 -> 0 | L13: February
B14: October | L14: March
C15: Sunday | D15: =IF(OR(C15="",MONTH(DATE(2026,10,1)+0*7+MOD(MATCH(C15,{"Sunday","Monday","Tuesday","Wednesday","Thursday","Friday","Saturday"},0)-WEEKDAY(DATE(2026,10,1))+7,7))<>10),"",DATE(2026,10,1)+0*7+MOD(MATCH(C15,{"Sunday","Monday","Tuesday","Wednesday","Thursday","Friday","Saturday"},0)-WEEKDAY(DATE(2026,10,1))+7,7)) -> 46299 | F15: {=SUMPRODUCT(SUMIF(Costs[Code],TRIM(_xlfn.TEXTSPLIT(H26,",")),Costs[Cost]))} -> 0 | L15: April
C16: Tuesday | D16: =IF(OR(C16="",MONTH(DATE(2026,10,1)+0*7+MOD(MATCH(C16,{"Sunday","Monday","Tuesday","Wednesday","Thursday","Friday","Saturday"},0)-WEEKDAY(DATE(2026,10,1))+7,7))<>10),"",DATE(2026,10,1)+0*7+MOD(MATCH(C16,{"Sunday","Monday","Tuesday","Wednesday","Thursday","Friday","Saturday"},0)-WEEKDAY(DATE(2026,10,1))+7,7)) -> 46301 | E16: =$N$29 -> 80 | F16: {=SUMPRODUCT(SUMIF(Costs[Code],TRIM(_xlfn.TEXTSPLIT(H27,",")),Costs[Cost]))} -> 0 | L16: May
C17: Sunday | D17: =IF(OR(C17="",MONTH(DATE(2026,10,1)+1*7+MOD(MATCH(C17,{"Sunday","Monday","Tuesday","Wednesday","Thursday","Friday","Saturday"},0)-WEEKDAY(DATE(2026,10,1))+7,7))<>10),"",DATE(2026,10,1)+1*7+MOD(MATCH(C17,{"Sunday","Monday","Tuesday","Wednesday","Thursday","Friday","Saturday"},0)-WEEKDAY(DATE(2026,10,1))+7,7)) -> 46306 | F17: {=SUMPRODUCT(SUMIF(Costs[Code],TRIM(_xlfn.TEXTSPLIT(H28,",")),Costs[Cost]))} -> 0 | L17: June
C18: Tuesday | D18: =IF(OR(C18="",MONTH(DATE(2026,10,1)+1*7+MOD(MATCH(C18,{"Sunday","Monday","Tuesday","Wednesday","Thursday","Friday","Saturday"},0)-WEEKDAY(DATE(2026,10,1))+7,7))<>10),"",DATE(2026,10,1)+1*7+MOD(MATCH(C18,{"Sunday","Monday","Tuesday","Wednesday","Thursday","Friday","Saturday"},0)-WEEKDAY(DATE(2026,10,1))+7,7)) -> 46308 | E18: =$N$29 -> 80 | F18: {=SUMPRODUCT(SUMIF(Costs[Code],TRIM(_xlfn.TEXTSPLIT(H29,",")),Costs[Cost]))} -> 0 | L18: July
C19: Sunday | D19: =IF(OR(C19="",MONTH(DATE(2026,10,1)+2*7+MOD(MATCH(C19,{"Sunday","Monday","Tuesday","Wednesday","Thursday","Friday","Saturday"},0)-WEEKDAY(DATE(2026,10,1))+7,7))<>10),"",DATE(2026,10,1)+2*7+MOD(MATCH(C19,{"Sunday","Monday","Tuesday","Wednesday","Thursday","Friday","Saturday"},0)-WEEKDAY(DATE(2026,10,1))+7,7)) -> 46313 | F19: {=SUMPRODUCT(SUMIF(Costs[Code],TRIM(_xlfn.TEXTSPLIT(H30,",")),Costs[Cost]))} -> 0 | L19: August
C20: Tuesday | D20: =IF(OR(C20="",MONTH(DATE(2026,10,1)+2*7+MOD(MATCH(C20,{"Sunday","Monday","Tuesday","Wednesday","Thursday","Friday","Saturday"},0)-WEEKDAY(DATE(2026,10,1))+7,7))<>10),"",DATE(2026,10,1)+2*7+MOD(MATCH(C20,{"Sunday","Monday","Tuesday","Wednesday","Thursday","Friday","Saturday"},0)-WEEKDAY(DATE(2026,10,1))+7,7)) -> 46315 | E20: =$N$29 -> 80 | F20: {=SUMPRODUCT(SUMIF(Costs[Code],TRIM(_xlfn.TEXTSPLIT(H31,",")),Costs[Cost]))} -> 0 | P20: Total | Q20: =SUM(Q6:Q19) -> 0
C21: Sunday | D21: =IF(OR(C21="",MONTH(DATE(2026,10,1)+3*7+MOD(MATCH(C21,{"Sunday","Monday","Tuesday","Wednesday","Thursday","Friday","Saturday"},0)-WEEKDAY(DATE(2026,10,1))+7,7))<>10),"",DATE(2026,10,1)+3*7+MOD(MATCH(C21,{"Sunday","Monday","Tuesday","Wednesday","Thursday","Friday","Saturday"},0)-WEEKDAY(DATE(2026,10,1))+7,7)) -> 46320 | F21: {=SUMPRODUCT(SUMIF(Costs[Code],TRIM(_xlfn.TEXTSPLIT(H32,",")),Costs[Cost]))} -> 0
C22: Tuesday | D22: =IF(OR(C22="",MONTH(DATE(2026,10,1)+3*7+MOD(MATCH(C22,{"Sunday","Monday","Tuesday","Wednesday","Thursday","Friday","Saturday"},0)-WEEKDAY(DATE(2026,10,1))+7,7))<>10),"",DATE(2026,10,1)+3*7+MOD(MATCH(C22,{"Sunday","Monday","Tuesday","Wednesday","Thursday","Friday","Saturday"},0)-WEEKDAY(DATE(2026,10,1))+7,7)) -> 46322 | E22: =$N$29 -> 80 | F22: {=SUMPRODUCT(SUMIF(Costs[Code],TRIM(_xlfn.TEXTSPLIT(H33,",")),Costs[Cost]))} -> 0
L23: Detail | M23: Code | N23: Cost
E24: =SUM(E15:E21) -> 240 | F24: =SUM(F15:F23) -> 0 | G24: =B16-F24 -> 0 | L24: Match Pitch | M24: M | N24: 70
B25: November | L25: Astro Pitch | M25: A | N25: 90
C26: Sunday | D26: =IF(OR(C26="",MONTH(DATE(2026,11,1)+0*7+MOD(MATCH(C26,{"Sunday","Monday","Tuesday","Wednesday","Thursday","Friday","Saturday"},0)-WEEKDAY(DATE(2026,11,1))+7,7))<>11),"",DATE(2026,11,1)+0*7+MOD(MATCH(C26,{"Sunday","Monday","Tuesday","Wednesday","Thursday","Friday","Saturday"},0)-WEEKDAY(DATE(2026,11,1))+7,7)) -> 46327 | F26: {=SUMPRODUCT(SUMIF(Costs[Code],TRIM(_xlfn.TEXTSPLIT(H37,",")),Costs[Cost]))} -> 0 | L26: Half Referee | M26: RH | N26: 22.5
C27: Tuesday | D27: =IF(OR(C27="",MONTH(DATE(2026,11,1)+0*7+MOD(MATCH(C27,{"Sunday","Monday","Tuesday","Wednesday","Thursday","Friday","Saturday"},0)-WEEKDAY(DATE(2026,11,1))+7,7))<>11),"",DATE(2026,11,1)+0*7+MOD(MATCH(C27,{"Sunday","Monday","Tuesday","Wednesday","Thursday","Friday","Saturday"},0)-WEEKDAY(DATE(2026,11,1))+7,7)) -> 46329 | E27: =$N$29 -> 80 | F27: {=SUMPRODUCT(SUMIF(Costs[Code],TRIM(_xlfn.TEXTSPLIT(H38,",")),Costs[Cost]))} -> 0 | L27: Referee | M27: R | N27: 45
C28: Sunday | D28: =IF(OR(C28="",MONTH(DATE(2026,11,1)+1*7+MOD(MATCH(C28,{"Sunday","Monday","Tuesday","Wednesday","Thursday","Friday","Saturday"},0)-WEEKDAY(DATE(2026,11,1))+7,7))<>11),"",DATE(2026,11,1)+1*7+MOD(MATCH(C28,{"Sunday","Monday","Tuesday","Wednesday","Thursday","Friday","Saturday"},0)-WEEKDAY(DATE(2026,11,1))+7,7)) -> 46334 | F28: {=SUMPRODUCT(SUMIF(Costs[Code],TRIM(_xlfn.TEXTSPLIT(H39,",")),Costs[Cost]))} -> 0 | L28: Training Pitch (Quarter) | M28: TQ | N28: 40
C29: Tuesday | D29: =IF(OR(C29="",MONTH(DATE(2026,11,1)+1*7+MOD(MATCH(C29,{"Sunday","Monday","Tuesday","Wednesday","Thursday","Friday","Saturday"},0)-WEEKDAY(DATE(2026,11,1))+7,7))<>11),"",DATE(2026,11,1)+1*7+MOD(MATCH(C29,{"Sunday","Monday","Tuesday","Wednesday","Thursday","Friday","Saturday"},0)-WEEKDAY(DATE(2026,11,1))+7,7)) -> 46336 | E29: =$N$29 -> 80 | F29: {=SUMPRODUCT(SUMIF(Costs[Code],TRIM(_xlfn.TEXTSPLIT(H40,",")),Costs[Cost]))} -> 0 | L29: Training Pitch (Half) | M29: TH | N29: 80
C30: Sunday | D30: =IF(OR(C30="",MONTH(DATE(2026,11,1)+2*7+MOD(MATCH(C30,{"Sunday","Monday","Tuesday","Wednesday","Thursday","Friday","Saturday"},0)-WEEKDAY(DATE(2026,11,1))+7,7))<>11),"",DATE(2026,11,1)+2*7+MOD(MATCH(C30,{"Sunday","Monday","Tuesday","Wednesday","Thursday","Friday","Saturday"},0)-WEEKDAY(DATE(2026,11,1))+7,7)) -> 46341 | F30: {=SUMPRODUCT(SUMIF(Costs[Code],TRIM(_xlfn.TEXTSPLIT(H41,",")),Costs[Cost]))} -> 0
C31: Tuesday | D31: =IF(OR(C31="",MONTH(DATE(2026,11,1)+2*7+MOD(MATCH(C31,{"Sunday","Monday","Tuesday","Wednesday","Thursday","Friday","Saturday"},0)-WEEKDAY(DATE(2026,11,1))+7,7))<>11),"",DATE(2026,11,1)+2*7+MOD(MATCH(C31,{"Sunday","Monday","Tuesday","Wednesday","Thursday","Friday","Saturday"},0)-WEEKDAY(DATE(2026,11,1))+7,7)) -> 46343 | E31: =$N$29 -> 80 | F31: {=SUMPRODUCT(SUMIF(Costs[Code],TRIM(_xlfn.TEXTSPLIT(H42,",")),Costs[Cost]))} -> 0
C32: Sunday | D32: =IF(OR(C32="",MONTH(DATE(2026,11,1)+3*7+MOD(MATCH(C32,{"Sunday","Monday","Tuesday","Wednesday","Thursday","Friday","Saturday"},0)-WEEKDAY(DATE(2026,11,1))+7,7))<>11),"",DATE(2026,11,1)+3*7+MOD(MATCH(C32,{"Sunday","Monday","Tuesday","Wednesday","Thursday","Friday","Saturday"},0)-WEEKDAY(DATE(2026,11,1))+7,7)) -> 46348 | F32: {=SUMPRODUCT(SUMIF(Costs[Code],TRIM(_xlfn.TEXTSPLIT(H43,",")),Costs[Cost]))} -> 0
C33: Tuesday | D33: =IF(OR(C33="",MONTH(DATE(2026,11,1)+3*7+MOD(MATCH(C33,{"Sunday","Monday","Tuesday","Wednesday","Thursday","Friday","Saturday"},0)-WEEKDAY(DATE(2026,11,1))+7,7))<>11),"",DATE(2026,11,1)+3*7+MOD(MATCH(C33,{"Sunday","Monday","Tuesday","Wednesday","Thursday","Friday","Saturday"},0)-WEEKDAY(DATE(2026,11,1))+7,7)) -> 46350 | E33: =$N$29 -> 80 | F33: {=SUMPRODUCT(SUMIF(Costs[Code],TRIM(_xlfn.TEXTSPLIT(H44,",")),Costs[Cost]))} -> 0
C34: Sunday | D34: =IF(OR(C34="",MONTH(DATE(2026,11,1)+4*7+MOD(MATCH(C34,{"Sunday","Monday","Tuesday","Wednesday","Thursday","Friday","Saturday"},0)-WEEKDAY(DATE(2026,11,1))+7,7))<>11),"",DATE(2026,11,1)+4*7+MOD(MATCH(C34,{"Sunday","Monday","Tuesday","Wednesday","Thursday","Friday","Saturday"},0)-WEEKDAY(DATE(2026,11,1))+7,7)) -> 46355 | F34: {=SUMPRODUCT(SUMIF(Costs[Code],TRIM(_xlfn.TEXTSPLIT(H45,",")),Costs[Cost]))} -> 0
E35: =SUM(E26:E32) -> 240 | F35: =SUM(F26:F34) -> 0 | G35: =B27-F35 -> 0
B36: December
C37: Tuesday | D37: =IF(OR(C37="",MONTH(DATE(2026,12,1)+0*7+MOD(MATCH(C37,{"Sunday","Monday","Tuesday","Wednesday","Thursday","Friday","Saturday"},0)-WEEKDAY(DATE(2026,12,1))+7,7))<>12),"",DATE(2026,12,1)+0*7+MOD(MATCH(C37,{"Sunday","Monday","Tuesday","Wednesday","Thursday","Friday","Saturday"},0)-WEEKDAY(DATE(2026,12,1))+7,7)) -> 46357 | E37: =$N$29 -> 80 | F37: {=SUMPRODUCT(SUMIF(Costs[Code],TRIM(_xlfn.TEXTSPLIT(H48,",")),Costs[Cost]))} -> 0
C38: Sunday | D38: =IF(OR(C38="",MONTH(DATE(2026,12,1)+0*7+MOD(MATCH(C38,{"Sunday","Monday","Tuesday","Wednesday","Thursday","Friday","Saturday"},0)-WEEKDAY(DATE(2026,12,1))+7,7))<>12),"",DATE(2026,12,1)+0*7+MOD(MATCH(C38,{"Sunday","Monday","Tuesday","Wednesday","Thursday","Friday","Saturday"},0)-WEEKDAY(DATE(2026,12,1))+7,7)) -> 46362 | F38: {=SUMPRODUCT(SUMIF(Costs[Code],TRIM(_xlfn.TEXTSPLIT(H49,",")),Costs[Cost]))} -> 0
C39: Tuesday | D39: =IF(OR(C39="",MONTH(DATE(2026,12,1)+1*7+MOD(MATCH(C39,{"Sunday","Monday","Tuesday","Wednesday","Thursday","Friday","Saturday"},0)-WEEKDAY(DATE(2026,12,1))+7,7))<>12),"",DATE(2026,12,1)+1*7+MOD(MATCH(C39,{"Sunday","Monday","Tuesday","Wednesday","Thursday","Friday","Saturday"},0)-WEEKDAY(DATE(2026,12,1))+7,7)) -> 46364 | E39: =$N$29 -> 80 | F39: {=SUMPRODUCT(SUMIF(Costs[Code],TRIM(_xlfn.TEXTSPLIT(H50,",")),Costs[Cost]))} -> 0
C40: Sunday | D40: =IF(OR(C40="",MONTH(DATE(2026,12,1)+1*7+MOD(MATCH(C40,{"Sunday","Monday","Tuesday","Wednesday","Thursday","Friday","Saturday"},0)-WEEKDAY(DATE(2026,12,1))+7,7))<>12),"",DATE(2026,12,1)+1*7+MOD(MATCH(C40,{"Sunday","Monday","Tuesday","Wednesday","Thursday","Friday","Saturday"},0)-WEEKDAY(DATE(2026,12,1))+7,7)) -> 46369 | F40: {=SUMPRODUCT(SUMIF(Costs[Code],TRIM(_xlfn.TEXTSPLIT(H51,",")),Costs[Cost]))} -> 0
C41: Tuesday | D41: =IF(OR(C41="",MONTH(DATE(2026,12,1)+2*7+MOD(MATCH(C41,{"Sunday","Monday","Tuesday","Wednesday","Thursday","Friday","Saturday"},0)-WEEKDAY(DATE(2026,12,1))+7,7))<>12),"",DATE(2026,12,1)+2*7+MOD(MATCH(C41,{"Sunday","Monday","Tuesday","Wednesday","Thursday","Friday","Saturday"},0)-WEEKDAY(DATE(2026,12,1))+7,7)) -> 46371 | E41: =$N$29 -> 80 | F41: {=SUMPRODUCT(SUMIF(Costs[Code],TRIM(_xlfn.TEXTSPLIT(H52,",")),Costs[Cost]))} -> 0
C42: Sunday | D42: =IF(OR(C42="",MONTH(DATE(2026,12,1)+2*7+MOD(MATCH(C42,{"Sunday","Monday","Tuesday","Wednesday","Thursday","Friday","Saturday"},0)-WEEKDAY(DATE(2026,12,1))+7,7))<>12),"",DATE(2026,12,1)+2*7+MOD(MATCH(C42,{"Sunday","Monday","Tuesday","Wednesday","Thursday","Friday","Saturday"},0)-WEEKDAY(DATE(2026,12,1))+7,7)) -> 46376 | F42: {=SUMPRODUCT(SUMIF(Costs[Code],TRIM(_xlfn.TEXTSPLIT(H53,",")),Costs[Cost]))} -> 0
C43: Tuesday | D43: =IF(OR(C43="",MONTH(DATE(2026,12,1)+3*7+MOD(MATCH(C43,{"Sunday","Monday","Tuesday","Wednesday","Thursday","Friday","Saturday"},0)-WEEKDAY(DATE(2026,12,1))+7,7))<>12),"",DATE(2026,12,1)+3*7+MOD(MATCH(C43,{"Sunday","Monday","Tuesday","Wednesday","Thursday","Friday","Saturday"},0)-WEEKDAY(DATE(2026,12,1))+7,7)) -> 46378 | E43: =$N$29 -> 80 | F43: {=SUMPRODUCT(SUMIF(Costs[Code],TRIM(_xlfn.TEXTSPLIT(H54,",")),Costs[Cost]))} -> 0
C44: Sunday | D44: =IF(OR(C44="",MONTH(DATE(2026,12,1)+3*7+MOD(MATCH(C44,{"Sunday","Monday","Tuesday","Wednesday","Thursday","Friday","Saturday"},0)-WEEKDAY(DATE(2026,12,1))+7,7))<>12),"",DATE(2026,12,1)+3*7+MOD(MATCH(C44,{"Sunday","Monday","Tuesday","Wednesday","Thursday","Friday","Saturday"},0)-WEEKDAY(DATE(2026,12,1))+7,7)) -> 46383 | F44: {=SUMPRODUCT(SUMIF(Costs[Code],TRIM(_xlfn.TEXTSPLIT(H55,",")),Costs[Cost]))} -> 0
E45: =SUM(E37:E43) -> 320 | F45: =SUM(F37:F44) -> 0 | G45: =B38-F45 -> 0
B46: January
C47: Sunday | D47: =IF(OR(C47="",MONTH(DATE(2027,1,1)+0*7+MOD(MATCH(C47,{"Sunday","Monday","Tuesday","Wednesday","Thursday","Friday","Saturday"},0)-WEEKDAY(DATE(2027,1,1))+7,7))<>1),"",DATE(2027,1,1)+0*7+MOD(MATCH(C47,{"Sunday","Monday","Tuesday","Wednesday","Thursday","Friday","Saturday"},0)-WEEKDAY(DATE(2027,1,1))+7,7)) -> 46390 | F47: {=SUMPRODUCT(SUMIF(Costs[Code],TRIM(_xlfn.TEXTSPLIT(H58,",")),Costs[Cost]))} -> 0
C48: Tuesday | D48: =IF(OR(C48="",MONTH(DATE(2027,1,1)+0*7+MOD(MATCH(C48,{"Sunday","Monday","Tuesday","Wednesday","Thursday","Friday","Saturday"},0)-WEEKDAY(DATE(2027,1,1))+7,7))<>1),"",DATE(2027,1,1)+0*7+MOD(MATCH(C48,{"Sunday","Monday","Tuesday","Wednesday","Thursday","Friday","Saturday"},0)-WEEKDAY(DATE(2027,1,1))+7,7)) -> 46392 | E48: =$N$29 -> 80 | F48: {=SUMPRODUCT(SUMIF(Costs[Code],TRIM(_xlfn.TEXTSPLIT(H59,",")),Costs[Cost]))} -> 0
C49: Sunday | D49: =IF(OR(C49="",MONTH(DATE(2027,1,1)+1*7+MOD(MATCH(C49,{"Sunday","Monday","Tuesday","Wednesday","Thursday","Friday","Saturday"},0)-WEEKDAY(DATE(2027,1,1))+7,7))<>1),"",DATE(2027,1,1)+1*7+MOD(MATCH(C49,{"Sunday","Monday","Tuesday","Wednesday","Thursday","Friday","Saturday"},0)-WEEKDAY(DATE(2027,1,1))+7,7)) -> 46397 | F49: {=SUMPRODUCT(SUMIF(Costs[Code],TRIM(_xlfn.TEXTSPLIT(H60,",")),Costs[Cost]))} -> 0
C50: Tuesday | D50: =IF(OR(C50="",MONTH(DATE(2027,1,1)+1*7+MOD(MATCH(C50,{"Sunday","Monday","Tuesday","Wednesday","Thursday","Friday","Saturday"},0)-WEEKDAY(DATE(2027,1,1))+7,7))<>1),"",DATE(2027,1,1)+1*7+MOD(MATCH(C50,{"Sunday","Monday","Tuesday","Wednesday","Thursday","Friday","Saturday"},0)-WEEKDAY(DATE(2027,1,1))+7,7)) -> 46399 | E50: =$N$29 -> 80 | F50: {=SUMPRODUCT(SUMIF(Costs[Code],TRIM(_xlfn.TEXTSPLIT(H61,",")),Costs[Cost]))} -> 0
C51: Sunday | D51: =IF(OR(C51="",MONTH(DATE(2027,1,1)+2*7+MOD(MATCH(C51,{"Sunday","Monday","Tuesday","Wednesday","Thursday","Friday","Saturday"},0)-WEEKDAY(DATE(2027,1,1))+7,7))<>1),"",DATE(2027,1,1)+2*7+MOD(MATCH(C51,{"Sunday","Monday","Tuesday","Wednesday","Thursday","Friday","Saturday"},0)-WEEKDAY(DATE(2027,1,1))+7,7)) -> 46404 | F51: {=SUMPRODUCT(SUMIF(Costs[Code],TRIM(_xlfn.TEXTSPLIT(H62,",")),Costs[Cost]))} -> 0
C52: Tuesday | D52: =IF(OR(C52="",MONTH(DATE(2027,1,1)+2*7+MOD(MATCH(C52,{"Sunday","Monday","Tuesday","Wednesday","Thursday","Friday","Saturday"},0)-WEEKDAY(DATE(2027,1,1))+7,7))<>1),"",DATE(2027,1,1)+2*7+MOD(MATCH(C52,{"Sunday","Monday","Tuesday","Wednesday","Thursday","Friday","Saturday"},0)-WEEKDAY(DATE(2027,1,1))+7,7)) -> 46406 | E52: =$N$29 -> 80 | F52: {=SUMPRODUCT(SUMIF(Costs[Code],TRIM(_xlfn.TEXTSPLIT(H63,",")),Costs[Cost]))} -> 0
C53: Sunday | D53: =IF(OR(C53="",MONTH(DATE(2027,1,1)+3*7+MOD(MATCH(C53,{"Sunday","Monday","Tuesday","Wednesday","Thursday","Friday","Saturday"},0)-WEEKDAY(DATE(2027,1,1))+7,7))<>1),"",DATE(2027,1,1)+3*7+MOD(MATCH(C53,{"Sunday","Monday","Tuesday","Wednesday","Thursday","Friday","Saturday"},0)-WEEKDAY(DATE(2027,1,1))+7,7)) -> 46411 | F53: {=SUMPRODUCT(SUMIF(Costs[Code],TRIM(_xlfn.TEXTSPLIT(H64,",")),Costs[Cost]))} -> 0
C54: Tuesday | D54: =IF(OR(C54="",MONTH(DATE(2027,1,1)+3*7+MOD(MATCH(C54,{"Sunday","Monday","Tuesday","Wednesday","Thursday","Friday","Saturday"},0)-WEEKDAY(DATE(2027,1,1))+7,7))<>1),"",DATE(2027,1,1)+3*7+MOD(MATCH(C54,{"Sunday","Monday","Tuesday","Wednesday","Thursday","Friday","Saturday"},0)-WEEKDAY(DATE(2027,1,1))+7,7)) -> 46413 | E54: =$N$29 -> 80 | F54: {=SUMPRODUCT(SUMIF(Costs[Code],TRIM(_xlfn.TEXTSPLIT(H65,",")),Costs[Cost]))} -> 0
C55: Sunday | D55: =IF(OR(C55="",MONTH(DATE(2027,1,1)+4*7+MOD(MATCH(C55,{"Sunday","Monday","Tuesday","Wednesday","Thursday","Friday","Saturday"},0)-WEEKDAY(DATE(2027,1,1))+7,7))<>1),"",DATE(2027,1,1)+4*7+MOD(MATCH(C55,{"Sunday","Monday","Tuesday","Wednesday","Thursday","Friday","Saturday"},0)-WEEKDAY(DATE(2027,1,1))+7,7)) -> 46418 | F55: {=SUMPRODUCT(SUMIF(Costs[Code],TRIM(_xlfn.TEXTSPLIT(H66,",")),Costs[Cost]))} -> 0
E56: =SUM(E47:E53) -> 240 | F56: =SUM(F47:F55) -> 0 | G56: =B48-F56 -> 0
B57: February
C58: Tuesday | D58: =IF(OR(C58="",MONTH(DATE(2027,2,1)+0*7+MOD(MATCH(C58,{"Sunday","Monday","Tuesday","Wednesday","Thursday","Friday","Saturday"},0)-WEEKDAY(DATE(2027,2,1))+7,7))<>2),"",DATE(2027,2,1)+0*7+MOD(MATCH(C58,{"Sunday","Monday","Tuesday","Wednesday","Thursday","Friday","Saturday"},0)-WEEKDAY(DATE(2027,2,1))+7,7)) -> 46420 | E58: =$N$29 -> 80 | F58: {=SUMPRODUCT(SUMIF(Costs[Code],TRIM(_xlfn.TEXTSPLIT(H69,",")),Costs[Cost]))} -> 0
C59: Sunday | D59: =IF(OR(C59="",MONTH(DATE(2027,2,1)+0*7+MOD(MATCH(C59,{"Sunday","Monday","Tuesday","Wednesday","Thursday","Friday","Saturday"},0)-WEEKDAY(DATE(2027,2,1))+7,7))<>2),"",DATE(2027,2,1)+0*7+MOD(MATCH(C59,{"Sunday","Monday","Tuesday","Wednesday","Thursday","Friday","Saturday"},0)-WEEKDAY(DATE(2027,2,1))+7,7)) -> 46425 | F59: {=SUMPRODUCT(SUMIF(Costs[Code],TRIM(_xlfn.TEXTSPLIT(H70,",")),Costs[Cost]))} -> 0
C60: Tuesday | D60: =IF(OR(C60="",MONTH(DATE(2027,2,1)+1*7+MOD(MATCH(C60,{"Sunday","Monday","Tuesday","Wednesday","Thursday","Friday","Saturday"},0)-WEEKDAY(DATE(2027,2,1))+7,7))<>2),"",DATE(2027,2,1)+1*7+MOD(MATCH(C60,{"Sunday","Monday","Tuesday","Wednesday","Thursday","Friday","Saturday"},0)-WEEKDAY(DATE(2027,2,1))+7,7)) -> 46427 | E60: =$N$29 -> 80 | F60: {=SUMPRODUCT(SUMIF(Costs[Code],TRIM(_xlfn.TEXTSPLIT(H71,",")),Costs[Cost]))} -> 0
C61: Sunday | D61: =IF(OR(C61="",MONTH(DATE(2027,2,1)+1*7+MOD(MATCH(C61,{"Sunday","Monday","Tuesday","Wednesday","Thursday","Friday","Saturday"},0)-WEEKDAY(DATE(2027,2,1))+7,7))<>2),"",DATE(2027,2,1)+1*7+MOD(MATCH(C61,{"Sunday","Monday","Tuesday","Wednesday","Thursday","Friday","Saturday"},0)-WEEKDAY(DATE(2027,2,1))+7,7)) -> 46432 | F61: {=SUMPRODUCT(SUMIF(Costs[Code],TRIM(_xlfn.TEXTSPLIT(H72,",")),Costs[Cost]))} -> 0
C62: Tuesday | D62: =IF(OR(C62="",MONTH(DATE(2027,2,1)+2*7+MOD(MATCH(C62,{"Sunday","Monday","Tuesday","Wednesday","Thursday","Friday","Saturday"},0)-WEEKDAY(DATE(2027,2,1))+7,7))<>2),"",DATE(2027,2,1)+2*7+MOD(MATCH(C62,{"Sunday","Monday","Tuesday","Wednesday","Thursday","Friday","Saturday"},0)-WEEKDAY(DATE(2027,2,1))+7,7)) -> 46434 | E62: =$N$29 -> 80 | F62: {=SUMPRODUCT(SUMIF(Costs[Code],TRIM(_xlfn.TEXTSPLIT(H73,",")),Costs[Cost]))} -> 0
C63: Sunday | D63: =IF(OR(C63="",MONTH(DATE(2027,2,1)+2*7+MOD(MATCH(C63,{"Sunday","Monday","Tuesday","Wednesday","Thursday","Friday","Saturday"},0)-WEEKDAY(DATE(2027,2,1))+7,7))<>2),"",DATE(2027,2,1)+2*7+MOD(MATCH(C63,{"Sunday","Monday","Tuesday","Wednesday","Thursday","Friday","Saturday"},0)-WEEKDAY(DATE(2027,2,1))+7,7)) -> 46439 | F63: {=SUMPRODUCT(SUMIF(Costs[Code],TRIM(_xlfn.TEXTSPLIT(H74,",")),Costs[Cost]))} -> 0
C64: Tuesday | D64: =IF(OR(C64="",MONTH(DATE(2027,2,1)+3*7+MOD(MATCH(C64,{"Sunday","Monday","Tuesday","Wednesday","Thursday","Friday","Saturday"},0)-WEEKDAY(DATE(2027,2,1))+7,7))<>2),"",DATE(2027,2,1)+3*7+MOD(MATCH(C64,{"Sunday","Monday","Tuesday","Wednesday","Thursday","Friday","Saturday"},0)-WEEKDAY(DATE(2027,2,1))+7,7)) -> 46441 | E64: =$N$29 -> 80 | F64: {=SUMPRODUCT(SUMIF(Costs[Code],TRIM(_xlfn.TEXTSPLIT(H75,",")),Costs[Cost]))} -> 0
C65: Sunday | D65: =IF(OR(C65="",MONTH(DATE(2027,2,1)+3*7+MOD(MATCH(C65,{"Sunday","Monday","Tuesday","Wednesday","Thursday","Friday","Saturday"},0)-WEEKDAY(DATE(2027,2,1))+7,7))<>2),"",DATE(2027,2,1)+3*7+MOD(MATCH(C65,{"Sunday","Monday","Tuesday","Wednesday","Thursday","Friday","Saturday"},0)-WEEKDAY(DATE(2027,2,1))+7,7)) -> 46446 | F65: {=SUMPRODUCT(SUMIF(Costs[Code],TRIM(_xlfn.TEXTSPLIT(H76,",")),Costs[Cost]))} -> 0
E66: =SUM(E58:E64) -> 320 | F66: =SUM(F58:F65) -> 0 | G66: =B59-F66 -> 0
B67: March
C68: Tuesday | D68: =IF(OR(C68="",MONTH(DATE(2027,3,1)+0*7+MOD(MATCH(C68,{"Sunday","Monday","Tuesday","Wednesday","Thursday","Friday","Saturday"},0)-WEEKDAY(DATE(2027,3,1))+7,7))<>3),"",DATE(2027,3,1)+0*7+MOD(MATCH(C68,{"Sunday","Monday","Tuesday","Wednesday","Thursday","Friday","Saturday"},0)-WEEKDAY(DATE(2027,3,1))+7,7)) -> 46448 | E68: =$N$29 -> 80 | F68: {=SUMPRODUCT(SUMIF(Costs[Code],TRIM(_xlfn.TEXTSPLIT(H79,",")),Costs[Cost]))} -> 0
C69: Sunday | D69: =IF(OR(C69="",MONTH(DATE(2027,3,1)+0*7+MOD(MATCH(C69,{"Sunday","Monday","Tuesday","Wednesday","Thursday","Friday","Saturday"},0)-WEEKDAY(DATE(2027,3,1))+7,7))<>3),"",DATE(2027,3,1)+0*7+MOD(MATCH(C69,{"Sunday","Monday","Tuesday","Wednesday","Thursday","Friday","Saturday"},0)-WEEKDAY(DATE(2027,3,1))+7,7)) -> 46453 | F69: {=SUMPRODUCT(SUMIF(Costs[Code],TRIM(_xlfn.TEXTSPLIT(H80,",")),Costs[Cost]))} -> 0
C70: Tuesday | D70: =IF(OR(C70="",MONTH(DATE(2027,3,1)+1*7+MOD(MATCH(C70,{"Sunday","Monday","Tuesday","Wednesday","Thursday","Friday","Saturday"},0)-WEEKDAY(DATE(2027,3,1))+7,7))<>3),"",DATE(2027,3,1)+1*7+MOD(MATCH(C70,{"Sunday","Monday","Tuesday","Wednesday","Thursday","Friday","Saturday"},0)-WEEKDAY(DATE(2027,3,1))+7,7)) -> 46455 | E70: =$N$29 -> 80 | F70: {=SUMPRODUCT(SUMIF(Costs[Code],TRIM(_xlfn.TEXTSPLIT(H81,",")),Costs[Cost]))} -> 0
C71: Sunday | D71: =IF(OR(C71="",MONTH(DATE(2027,3,1)+1*7+MOD(MATCH(C71,{"Sunday","Monday","Tuesday","Wednesday","Thursday","Friday","Saturday"},0)-WEEKDAY(DATE(2027,3,1))+7,7))<>3),"",DATE(2027,3,1)+1*7+MOD(MATCH(C71,{"Sunday","Monday","Tuesday","Wednesday","Thursday","Friday","Saturday"},0)-WEEKDAY(DATE(2027,3,1))+7,7)) -> 46460 | F71: {=SUMPRODUCT(SUMIF(Costs[Code],TRIM(_xlfn.TEXTSPLIT(H82,",")),Costs[Cost]))} -> 0
C72: Tuesday | D72: =IF(OR(C72="",MONTH(DATE(2027,3,1)+2*7+MOD(MATCH(C72,{"Sunday","Monday","Tuesday","Wednesday","Thursday","Friday","Saturday"},0)-WEEKDAY(DATE(2027,3,1))+7,7))<>3),"",DATE(2027,3,1)+2*7+MOD(MATCH(C72,{"Sunday","Monday","Tuesday","Wednesday","Thursday","Friday","Saturday"},0)-WEEKDAY(DATE(2027,3,1))+7,7)) -> 46462 | E72: =$N$29 -> 80 | F72: {=SUMPRODUCT(SUMIF(Costs[Code],TRIM(_xlfn.TEXTSPLIT(H83,",")),Costs[Cost]))} -> 0
C73: Sunday | D73: =IF(OR(C73="",MONTH(DATE(2027,3,1)+2*7+MOD(MATCH(C73,{"Sunday","Monday","Tuesday","Wednesday","Thursday","Friday","Saturday"},0)-WEEKDAY(DATE(2027,3,1))+7,7))<>3),"",DATE(2027,3,1)+2*7+MOD(MATCH(C73,{"Sunday","Monday","Tuesday","Wednesday","Thursday","Friday","Saturday"},0)-WEEKDAY(DATE(2027,3,1))+7,7)) -> 46467 | F73: {=SUMPRODUCT(SUMIF(Costs[Code],TRIM(_xlfn.TEXTSPLIT(H84,",")),Costs[Cost]))} -> 0
C74: Tuesday | D74: =IF(OR(C74="",MONTH(DATE(2027,3,1)+3*7+MOD(MATCH(C74,{"Sunday","Monday","Tuesday","Wednesday","Thursday","Friday","Saturday"},0)-WEEKDAY(DATE(2027,3,1))+7,7))<>3),"",DATE(2027,3,1)+3*7+MOD(MATCH(C74,{"Sunday","Monday","Tuesday","Wednesday","Thursday","Friday","Saturday"},0)-WEEKDAY(DATE(2027,3,1))+7,7)) -> 46469 | E74: =$N$29 -> 80 | F74: {=SUMPRODUCT(SUMIF(Costs[Code],TRIM(_xlfn.TEXTSPLIT(H85,",")),Costs[Cost]))} -> 0
C75: Sunday | D75: =IF(OR(C75="",MONTH(DATE(2027,3,1)+3*7+MOD(MATCH(C75,{"Sunday","Monday","Tuesday","Wednesday","Thursday","Friday","Saturday"},0)-WEEKDAY(DATE(2027,3,1))+7,7))<>3),"",DATE(2027,3,1)+3*7+MOD(MATCH(C75,{"Sunday","Monday","Tuesday","Wednesday","Thursday","Friday","Saturday"},0)-WEEKDAY(DATE(2027,3,1))+7,7)) -> 46474 | F75: {=SUMPRODUCT(SUMIF(Costs[Code],TRIM(_xlfn.TEXTSPLIT(H86,",")),Costs[Cost]))} -> 0
C76: Tuesday | E76: =$N$29 -> 80 | F76: {=SUMPRODUCT(SUMIF(Costs[Code],TRIM(_xlfn.TEXTSPLIT(H87,",")),Costs[Cost]))} -> 0
E77: =SUM(E68:E74) -> 320 | F77: =SUM(F68:F76) -> 0 | G77: =B69-F77 -> 0
B78: April
C79: Sunday | D79: =IF(OR(C79="",MONTH(DATE(2027,4,1)+0*7+MOD(MATCH(C79,{"Sunday","Monday","Tuesday","Wednesday","Thursday","Friday","Saturday"},0)-WEEKDAY(DATE(2027,4,1))+7,7))<>4),"",DATE(2027,4,1)+0*7+MOD(MATCH(C79,{"Sunday","Monday","Tuesday","Wednesday","Thursday","Friday","Saturday"},0)-WEEKDAY(DATE(2027,4,1))+7,7)) -> 46481 | F79: {=SUMPRODUCT(SUMIF(Costs[Code],TRIM(_xlfn.TEXTSPLIT(H90,",")),Costs[Cost]))} -> 0
C80: Tuesday | D80: =IF(OR(C80="",MONTH(DATE(2027,4,1)+0*7+MOD(MATCH(C80,{"Sunday","Monday","Tuesday","Wednesday","Thursday","Friday","Saturday"},0)-WEEKDAY(DATE(2027,4,1))+7,7))<>4),"",DATE(2027,4,1)+0*7+MOD(MATCH(C80,{"Sunday","Monday","Tuesday","Wednesday","Thursday","Friday","Saturday"},0)-WEEKDAY(DATE(2027,4,1))+7,7)) -> 46483 | E80: =$N$29 -> 80 | F80: {=SUMPRODUCT(SUMIF(Costs[Code],TRIM(_xlfn.TEXTSPLIT(H91,",")),Costs[Cost]))} -> 0
C81: Sunday | D81: =IF(OR(C81="",MONTH(DATE(2027,4,1)+1*7+MOD(MATCH(C81,{"Sunday","Monday","Tuesday","Wednesday","Thursday","Friday","Saturday"},0)-WEEKDAY(DATE(2027,4,1))+7,7))<>4),"",DATE(2027,4,1)+1*7+MOD(MATCH(C81,{"Sunday","Monday","Tuesday","Wednesday","Thursday","Friday","Saturday"},0)-WEEKDAY(DATE(2027,4,1))+7,7)) -> 46488 | F81: {=SUMPRODUCT(SUMIF(Costs[Code],TRIM(_xlfn.TEXTSPLIT(H92,",")),Costs[Cost]))} -> 0
C82: Tuesday | D82: =IF(OR(C82="",MONTH(DATE(2027,4,1)+1*7+MOD(MATCH(C82,{"Sunday","Monday","Tuesday","Wednesday","Thursday","Friday","Saturday"},0)-WEEKDAY(DATE(2027,4,1))+7,7))<>4),"",DATE(2027,4,1)+1*7+MOD(MATCH(C82,{"Sunday","Monday","Tuesday","Wednesday","Thursday","Friday","Saturday"},0)-WEEKDAY(DATE(2027,4,1))+7,7)) -> 46490 | E82: =$N$29 -> 80 | F82: {=SUMPRODUCT(SUMIF(Costs[Code],TRIM(_xlfn.TEXTSPLIT(H93,",")),Costs[Cost]))} -> 0
C83: Sunday | D83: =IF(OR(C83="",MONTH(DATE(2027,4,1)+2*7+MOD(MATCH(C83,{"Sunday","Monday","Tuesday","Wednesday","Thursday","Friday","Saturday"},0)-WEEKDAY(DATE(2027,4,1))+7,7))<>4),"",DATE(2027,4,1)+2*7+MOD(MATCH(C83,{"Sunday","Monday","Tuesday","Wednesday","Thursday","Friday","Saturday"},0)-WEEKDAY(DATE(2027,4,1))+7,7)) -> 46495 | F83: {=SUMPRODUCT(SUMIF(Costs[Code],TRIM(_xlfn.TEXTSPLIT(H94,",")),Costs[Cost]))} -> 0
C84: Tuesday | D84: =IF(OR(C84="",MONTH(DATE(2027,4,1)+2*7+MOD(MATCH(C84,{"Sunday","Monday","Tuesday","Wednesday","Thursday","Friday","Saturday"},0)-WEEKDAY(DATE(2027,4,1))+7,7))<>4),"",DATE(2027,4,1)+2*7+MOD(MATCH(C84,{"Sunday","Monday","Tuesday","Wednesday","Thursday","Friday","Saturday"},0)-WEEKDAY(DATE(2027,4,1))+7,7)) -> 46497 | E84: =$N$29 -> 80 | F84: {=SUMPRODUCT(SUMIF(Costs[Code],TRIM(_xlfn.TEXTSPLIT(H95,",")),Costs[Cost]))} -> 0
C85: Sunday | D85: =IF(OR(C85="",MONTH(DATE(2027,4,1)+3*7+MOD(MATCH(C85,{"Sunday","Monday","Tuesday","Wednesday","Thursday","Friday","Saturday"},0)-WEEKDAY(DATE(2027,4,1))+7,7))<>4),"",DATE(2027,4,1)+3*7+MOD(MATCH(C85,{"Sunday","Monday","Tuesday","Wednesday","Thursday","Friday","Saturday"},0)-WEEKDAY(DATE(2027,4,1))+7,7)) -> 46502 | F85: {=SUMPRODUCT(SUMIF(Costs[Code],TRIM(_xlfn.TEXTSPLIT(H96,",")),Costs[Cost]))} -> 0
C86: Tuesday | D86: =IF(OR(C86="",MONTH(DATE(2027,4,1)+3*7+MOD(MATCH(C86,{"Sunday","Monday","Tuesday","Wednesday","Thursday","Friday","Saturday"},0)-WEEKDAY(DATE(2027,4,1))+7,7))<>4),"",DATE(2027,4,1)+3*7+MOD(MATCH(C86,{"Sunday","Monday","Tuesday","Wednesday","Thursday","Friday","Saturday"},0)-WEEKDAY(DATE(2027,4,1))+7,7)) -> 46504 | E86: =$N$29 -> 80 | F86: {=SUMPRODUCT(SUMIF(Costs[Code],TRIM(_xlfn.TEXTSPLIT(H97,",")),Costs[Cost]))} -> 0
E87: =SUM(E79:E85) -> 240 | F87: =SUM(F79:F86) -> 0 | G87: =B80-F87 -> 0
B88: May
C89: Sunday | D89: =IF(OR(C89="",MONTH(DATE(2027,5,1)+0*7+MOD(MATCH(C89,{"Sunday","Monday","Tuesday","Wednesday","Thursday","Friday","Saturday"},0)-WEEKDAY(DATE(2027,5,1))+7,7))<>5),"",DATE(2027,5,1)+0*7+MOD(MATCH(C89,{"Sunday","Monday","Tuesday","Wednesday","Thursday","Friday","Saturday"},0)-WEEKDAY(DATE(2027,5,1))+7,7)) -> 46509
C90: Tuesday | D90: =IF(OR(C90="",MONTH(DATE(2027,5,1)+0*7+MOD(MATCH(C90,{"Sunday","Monday","Tuesday","Wednesday","Thursday","Friday","Saturday"},0)-WEEKDAY(DATE(2027,5,1))+7,7))<>5),"",DATE(2027,5,1)+0*7+MOD(MATCH(C90,{"Sunday","Monday","Tuesday","Wednesday","Thursday","Friday","Saturday"},0)-WEEKDAY(DATE(2027,5,1))+7,7)) -> 46511 | E90: =$N$29 -> 80 | F90: {=SUMPRODUCT(SUMIF(Costs[Code],TRIM(_xlfn.TEXTSPLIT(H101,",")),Costs[Cost]))} -> 0
C91: Sunday | D91: =IF(OR(C91="",MONTH(DATE(2027,5,1)+1*7+MOD(MATCH(C91,{"Sunday","Monday","Tuesday","Wednesday","Thursday","Friday","Saturday"},0)-WEEKDAY(DATE(2027,5,1))+7,7))<>5),"",DATE(2027,5,1)+1*7+MOD(MATCH(C91,{"Sunday","Monday","Tuesday","Wednesday","Thursday","Friday","Saturday"},0)-WEEKDAY(DATE(2027,5,1))+7,7)) -> 46516 | F91: {=SUMPRODUCT(SUMIF(Costs[Code],TRIM(_xlfn.TEXTSPLIT(H102,",")),Costs[Cost]))} -> 0
C92: Tuesday | D92: =IF(OR(C92="",MONTH(DATE(2027,5,1)+1*7+MOD(MATCH(C92,{"Sunday","Monday","Tuesday","Wednesday","Thursday","Friday","Saturday"},0)-WEEKDAY(DATE(2027,5,1))+7,7))<>5),"",DATE(2027,5,1)+1*7+MOD(MATCH(C92,{"Sunday","Monday","Tuesday","Wednesday","Thursday","Friday","Saturday"},0)-WEEKDAY(DATE(2027,5,1))+7,7)) -> 46518 | E92: =$N$29 -> 80 | F92: {=SUMPRODUCT(SUMIF(Costs[Code],TRIM(_xlfn.TEXTSPLIT(H103,",")),Costs[Cost]))} -> 0
C93: Sunday | D93: =IF(OR(C93="",MONTH(DATE(2027,5,1)+2*7+MOD(MATCH(C93,{"Sunday","Monday","Tuesday","Wednesday","Thursday","Friday","Saturday"},0)-WEEKDAY(DATE(2027,5,1))+7,7))<>5),"",DATE(2027,5,1)+2*7+MOD(MATCH(C93,{"Sunday","Monday","Tuesday","Wednesday","Thursday","Friday","Saturday"},0)-WEEKDAY(DATE(2027,5,1))+7,7)) -> 46523 | F93: {=SUMPRODUCT(SUMIF(Costs[Code],TRIM(_xlfn.TEXTSPLIT(H104,",")),Costs[Cost]))} -> 0
C94: Tuesday | D94: =IF(OR(C94="",MONTH(DATE(2027,5,1)+2*7+MOD(MATCH(C94,{"Sunday","Monday","Tuesday","Wednesday","Thursday","Friday","Saturday"},0)-WEEKDAY(DATE(2027,5,1))+7,7))<>5),"",DATE(2027,5,1)+2*7+MOD(MATCH(C94,{"Sunday","Monday","Tuesday","Wednesday","Thursday","Friday","Saturday"},0)-WEEKDAY(DATE(2027,5,1))+7,7)) -> 46525 | E94: =$N$29 -> 80 | F94: {=SUMPRODUCT(SUMIF(Costs[Code],TRIM(_xlfn.TEXTSPLIT(H105,",")),Costs[Cost]))} -> 0
C95: Sunday | D95: =IF(OR(C95="",MONTH(DATE(2027,5,1)+3*7+MOD(MATCH(C95,{"Sunday","Monday","Tuesday","Wednesday","Thursday","Friday","Saturday"},0)-WEEKDAY(DATE(2027,5,1))+7,7))<>5),"",DATE(2027,5,1)+3*7+MOD(MATCH(C95,{"Sunday","Monday","Tuesday","Wednesday","Thursday","Friday","Saturday"},0)-WEEKDAY(DATE(2027,5,1))+7,7)) -> 46530 | F95: {=SUMPRODUCT(SUMIF(Costs[Code],TRIM(_xlfn.TEXTSPLIT(H106,",")),Costs[Cost]))} -> 0
C96: Tuesday | D96: =IF(OR(C96="",MONTH(DATE(2027,5,1)+3*7+MOD(MATCH(C96,{"Sunday","Monday","Tuesday","Wednesday","Thursday","Friday","Saturday"},0)-WEEKDAY(DATE(2027,5,1))+7,7))<>5),"",DATE(2027,5,1)+3*7+MOD(MATCH(C96,{"Sunday","Monday","Tuesday","Wednesday","Thursday","Friday","Saturday"},0)-WEEKDAY(DATE(2027,5,1))+7,7)) -> 46532 | E96: =$N$29 -> 80 | F96: {=SUMPRODUCT(SUMIF(Costs[Code],TRIM(_xlfn.TEXTSPLIT(H107,",")),Costs[Cost]))} -> 0
C97: Sunday | D97: =IF(OR(C97="",MONTH(DATE(2027,5,1)+4*7+MOD(MATCH(C97,{"Sunday","Monday","Tuesday","Wednesday","Thursday","Friday","Saturday"},0)-WEEKDAY(DATE(2027,5,1))+7,7))<>5),"",DATE(2027,5,1)+4*7+MOD(MATCH(C97,{"Sunday","Monday","Tuesday","Wednesday","Thursday","Friday","Saturday"},0)-WEEKDAY(DATE(2027,5,1))+7,7)) -> 46537 | F97: {=SUMPRODUCT(SUMIF(Costs[Code],TRIM(_xlfn.TEXTSPLIT(H108,",")),Costs[Cost]))} -> 0
E98: =SUM(E89:E95) -> 240 | F98: =SUM(F89:F97) -> 0 | G98: =B90-F98 -> 0
B99: June
C100: Tuesday | D100: =IF(OR(C100="",MONTH(DATE(2027,6,1)+0*7+MOD(MATCH(C100,{"Sunday","Monday","Tuesday","Wednesday","Thursday","Friday","Saturday"},0)-WEEKDAY(DATE(2027,6,1))+7,7))<>6),"",DATE(2027,6,1)+0*7+MOD(MATCH(C100,{"Sunday","Monday","Tuesday","Wednesday","Thursday","Friday","Saturday"},0)-WEEKDAY(DATE(2027,6,1))+7,7)) -> 46539 | E100: =$N$29 -> 80 | F100: {=SUMPRODUCT(SUMIF(Costs[Code],TRIM(_xlfn.TEXTSPLIT(H111,",")),Costs[Cost]))} -> 0
C101: Sunday | D101: =IF(OR(C101="",MONTH(DATE(2027,6,1)+0*7+MOD(MATCH(C101,{"Sunday","Monday","Tuesday","Wednesday","Thursday","Friday","Saturday"},0)-WEEKDAY(DATE(2027,6,1))+7,7))<>6),"",DATE(2027,6,1)+0*7+MOD(MATCH(C101,{"Sunday","Monday","Tuesday","Wednesday","Thursday","Friday","Saturday"},0)-WEEKDAY(DATE(2027,6,1))+7,7)) -> 46544 | F101: {=SUMPRODUCT(SUMIF(Costs[Code],TRIM(_xlfn.TEXTSPLIT(H112,",")),Costs[Cost]))} -> 0
...

Sheet Player Costs
A1: Player | B1: Registration | C1: Home Kit | D1: Away Kit | E1: Training Kit | F1: Training / Month | M1: Matchday Players
A2: Alf M | B2: =$J$14 -> 30 | C2: =$J$15 -> 24 | D2: =$J$16 -> 24 | E2: =$J$16 -> 24 | F2: =J$18 -> 15 | I2: Detail | J2: Code | K2: Cost | M2: 11 | N2: 12 | O2: 13 | P2: 14 | Q2: 15 | R2: 16
A3: Alfie F | B3: =$J$14 -> 30 | C3: =$J$15 -> 24 | D3: =$J$16 -> 24 | E3: =$J$16 -> 24 | F3: =J$18 -> 15 | I3: Match Pitch | J3: M | K3: =Ledger!N24 -> 70 | M3: =$K$3/$M$2 -> 6.3636364 | N3: =$K$3/N2 -> 5.8333333 | O3: =$K$3/O2 -> 5.3846154 | P3: =$K$3/P2 -> 5 | Q3: =$K$3/Q2 -> 4.6666667 | R3: =$K$3/R2 -> 4.375
A4: Bailey | B4: =$J$14 -> 30 | C4: =$J$15 -> 24 | D4: =$J$16 -> 24 | E4: =$J$16 -> 24 | F4: =J$18 -> 15 | I4: Astro Pitch | J4: A | K4: =Ledger!N25 -> 90 | M4: =$K$4/M2 -> 8.1818182 | N4: =$K$4/N2 -> 7.5 | O4: =$K$4/O2 -> 6.9230769 | P4: =$K$4/P2 -> 6.4285714 | Q4: =$K$4/Q2 -> 6 | R4: =$K$4/R2 -> 5.625
A5: Brad | B5: =$J$14 -> 30 | C5: =$J$15 -> 24 | D5: =$J$16 -> 24 | E5: =$J$16 -> 24 | F5: =J$18 -> 15 | I5: Half Referee | J5: RH | K5: =Ledger!N26 -> 22.5 | M5: =$K$5/M2 -> 2.0454545 | N5: =$K$5/N2 -> 1.875 | O5: =$K$5/O2 -> 1.7307692 | P5: =$K$5/P2 -> 1.6071429 | Q5: =$K$5/Q2 -> 1.5 | R5: =$K$5/R2 -> 1.40625
A6: Callum | B6: =$J$14 -> 30 | C6: =$J$15 -> 24 | D6: =$J$16 -> 24 | E6: =$J$16 -> 24 | F6: =J$18 -> 15 | I6: Referee | J6: R | K6: =Ledger!N27 -> 45 | M6: =$K$6/M2 -> 4.0909091 | N6: =$K$6/N2 -> 3.75 | O6: =$K$6/O2 -> 3.4615385 | P6: =$K$6/P2 -> 3.2142857 | Q6: =$K$6/Q2 -> 3 | R6: =$K$6/R2 -> 2.8125
A7: Danny | B7: =$J$14 -> 30 | C7: =$J$15 -> 24 | D7: =$J$16 -> 24 | E7: =$J$16 -> 24 | F7: =J$18 -> 15 | I7: Training Pitch (Quarter) | J7: TQ | K7: =Ledger!N28 -> 40 | M7: =$K$7/Player_Costs[[#Totals],[Player]] -> 1.5384615
A8: Ethan | B8: =$J$14 -> 30 | C8: =$J$15 -> 24 | D8: =$J$16 -> 24 | E8: =$J$16 -> 24 | F8: =J$18 -> 15 | I8: Training Pitch (Half) | J8: TH | K8: =Ledger!N29 -> 80 | M8: =$K$8/Player_Costs[[#Totals],[Player]] -> 3.0769231
A9: Freddie | B9: =$J$14 -> 30 | C9: =$J$15 -> 24 | D9: =$J$16 -> 24 | E9: =$J$16 -> 24 | F9: =J$18 -> 15
A10: George | B10: =$J$14 -> 30 | C10: =$J$15 -> 24 | D10: =$J$16 -> 24 | E10: =$J$16 -> 24 | F10: =J$18 -> 15 | I10: Home Game Pitch & Ref | M10: =M3+M6 -> 10.454545 | N10: =N3+N6 -> 9.5833333 | O10: =O3+O6 -> 8.8461538 | P10: =P3+P6 -> 8.2142857 | Q10: =Q3+Q6 -> 7.6666667 | R10: =R3+R6 -> 7.1875
A11: Jamie | B11: =$J$14 -> 30 | C11: =$J$15 -> 24 | D11: =$J$16 -> 24 | E11: =$J$16 -> 24 | F11: =J$18 -> 15 | I11: Home Game Pitch & Ref (rounded) | M11: 10 | N11: 9.5 | O11: 9 | P11: 8.5 | Q11: 8 | R11: 7.5
A12: Jay | B12: =$J$14 -> 30 | C12: =$J$15 -> 24 | D12: =$J$16 -> 24 | E12: =$J$16 -> 24 | F12: =J$18 -> 15
A13: Joe | B13: =$J$14 -> 30 | C13: =$J$15 -> 24 | D13: =$J$16 -> 24 | E13: =$J$16 -> 24 | F13: =J$18 -> 15
A14: Josh | B14: =$J$14 -> 30 | C14: =$J$15 -> 24 | D14: =$J$16 -> 24 | E14: =$J$16 -> 24 | F14: =J$18 -> 15 | I14: Registration | J14: 30
A15: Jude | B15: =$J$14 -> 30 | C15: =$J$15 -> 24 | D15: =$J$16 -> 24 | E15: =$J$16 -> 24 | F15: =J$18 -> 15 | I15: Home Kit | J15: 24
A16: Kalan | B16: =$J$14 -> 30 | C16: =$J$15 -> 24 | D16: =$J$16 -> 24 | E16: =$J$16 -> 24 | F16: =J$18 -> 15 | I16: Away Kit | J16: 24
A17: Kazeem | B17: =$J$14 -> 30 | C17: =$J$15 -> 24 | D17: =$J$16 -> 24 | E17: =$J$16 -> 24 | F17: =J$18 -> 15 | I17: Training Kit
A18: Keiran D | B18: =$J$14 -> 30 | C18: =$J$15 -> 24 | D18: =$J$16 -> 24 | E18: =$J$16 -> 24 | F18: =J$18 -> 15 | I18: Training / Month | J18: 15
A19: Keiran R | B19: =$J$14 -> 30 | C19: =$J$15 -> 24 | D19: =$J$16 -> 24 | E19: =$J$16 -> 24 | F19: =J$18 -> 15
A20: Liam | B20: =$J$14 -> 30 | C20: =$J$15 -> 24 | D20: =$J$16 -> 24 | E20: =$J$16 -> 24 | F20: =J$18 -> 15
A21: Louie | B21: =$J$14 -> 30 | C21: =$J$15 -> 24 | D21: =$J$16 -> 24 | E21: =$J$16 -> 24 | F21: =J$18 -> 15
A22: Rocco | B22: =$J$14 -> 30 | C22: =$J$15 -> 24 | D22: =$J$16 -> 24 | E22: =$J$16 -> 24 | F22: =J$18 -> 15
A23: Ronnie D | B23: =$J$14 -> 30 | C23: =$J$15 -> 24 | D23: =$J$16 -> 24 | E23: =$J$16 -> 24 | F23: =J$18 -> 15
A24: Ronnie T | B24: =$J$14 -> 30 | C24: =$J$15 -> 24 | D24: =$J$16 -> 24 | E24: =$J$16 -> 24 | F24: =J$18 -> 15
A25: Ryan | B25: =$J$14 -> 30 | C25: =$J$15 -> 24 | D25: =$J$16 -> 24 | E25: =$J$16 -> 24 | F25: =J$18 -> 15
A26: Ryeley | B26: =$J$14 -> 30 | C26: =$J$15 -> 24 | D26: =$J$16 -> 24 | E26: =$J$16 -> 24 | F26: =J$18 -> 15
A27: Will | B27: =$J$14 -> 30 | C27: =$J$15 -> 24 | D27: =$J$16 -> 24 | E27: =$J$16 -> 24 | F27: =J$18 -> 15
A28: =SUBTOTAL(103,Player_Costs[Player]) -> 26 | B28: =SUBTOTAL(109,Player_Costs[Registration]) -> 780 | C28: =SUBTOTAL(109,Player_Costs[Home Kit]) -> 624 | D28: =SUBTOTAL(109,Player_Costs[Away Kit]) -> 624 | E28: =SUBTOTAL(109,Player_Costs[Training Kit]) -> 624 | F28: =SUBTOTAL(109,Player_Costs[Training / Month]) -> 390

Sheet Attendance
A1: Id | B1: Start time | C1: Session Type | D1: Attendees
A2: =IFERROR([1]!OfficeForms.Table[[#This Row],[Id]],"") -> 1 | B2: =IFERROR([1]!OfficeForms.Table[[#This Row],[Start time]],"") -> 46174 | C2: =IFERROR([1]!OfficeForms.Table[[#This Row],[Session]],"") -> training | D2: =IFERROR([1]!OfficeForms.Table[[#This Row],[Players]],"") -> Alf M;Alfie F;
A3: =IFERROR([1]!OfficeForms.Table[[#This Row],[Id]],"") -> 2 | B3: =IFERROR([1]!OfficeForms.Table[[#This Row],[Start time]],"") -> 46421 | C3: =IFERROR([1]!OfficeForms.Table[[#This Row],[Session]],"") -> Training | D3: =IFERROR([1]!OfficeForms.Table[[#This Row],[Players]],"") -> Alf M;Danny;Jamie;Kalan;Liam
A4: =IFERROR([1]!OfficeForms.Table[[#This Row],[Id]],"") -> 3 | B4: =IFERROR([1]!OfficeForms.Table[[#This Row],[Start time]],"") -> 46203.593 | C4: =IFERROR([1]!OfficeForms.Table[[#This Row],[Session]],"") -> Training | D4: =IFERROR([1]!OfficeForms.Table[[#This Row],[Players]],"") -> Alf M;Bailey;Callum;George;Jay;Josh;Kalan;Keiran R;Louie
A5: =IFERROR([1]!OfficeForms.Table[[#This Row],[Id]],"") | B5: =IFERROR([1]!OfficeForms.Table[[#This Row],[Start time]],"") | C5: =IFERROR([1]!OfficeForms.Table[[#This Row],[Session]],"") | D5: =IFERROR([1]!OfficeForms.Table[[#This Row],[Players]],"")
A6: =IFERROR([1]!OfficeForms.Table[[#This Row],[Id]],"") | B6: =IFERROR([1]!OfficeForms.Table[[#This Row],[Start time]],"") | C6: =IFERROR([1]!OfficeForms.Table[[#This Row],[Session]],"") | D6: =IFERROR([1]!OfficeForms.Table[[#This Row],[Players]],"")
A7: =IFERROR([1]!OfficeForms.Table[[#This Row],[Id]],"") | B7: =IFERROR([1]!OfficeForms.Table[[#This Row],[Start time]],"") | C7: =IFERROR([1]!OfficeForms.Table[[#This Row],[Session]],"") | D7: =IFERROR([1]!OfficeForms.Table[[#This Row],[Players]],"")
A8: =IFERROR([1]!OfficeForms.Table[[#This Row],[Id]],"") | B8: =IFERROR([1]!OfficeForms.Table[[#This Row],[Start time]],"") | C8: =IFERROR([1]!OfficeForms.Table[[#This Row],[Session]],"") | D8: =IFERROR([1]!OfficeForms.Table[[#This Row],[Players]],"")
A9: =IFERROR([1]!OfficeForms.Table[[#This Row],[Id]],"") | B9: =IFERROR([1]!OfficeForms.Table[[#This Row],[Start time]],"") | C9: =IFERROR([1]!OfficeForms.Table[[#This Row],[Session]],"") | D9: =IFERROR([1]!OfficeForms.Table[[#This Row],[Players]],"")
A10: =IFERROR([1]!OfficeForms.Table[[#This Row],[Id]],"") | B10: =IFERROR([1]!OfficeForms.Table[[#This Row],[Start time]],"") | C10: =IFERROR([1]!OfficeForms.Table[[#This Row],[Session]],"") | D10: =IFERROR([1]!OfficeForms.Table[[#This Row],[Players]],"")
A11: =IFERROR([1]!OfficeForms.Table[[#This Row],[Id]],"") | B11: =IFERROR([1]!OfficeForms.Table[[#This Row],[Start time]],"") | C11: =IFERROR([1]!OfficeForms.Table[[#This Row],[Session]],"") | D11: =IFERROR([1]!OfficeForms.Table[[#This Row],[Players]],"")
A12: =IFERROR([1]!OfficeForms.Table[[#This Row],[Id]],"") | B12: =IFERROR([1]!OfficeForms.Table[[#This Row],[Start time]],"") | C12: =IFERROR([1]!OfficeForms.Table[[#This Row],[Session]],"") | D12: =IFERROR([1]!OfficeForms.Table[[#This Row],[Players]],"")
A13: =IFERROR([1]!OfficeForms.Table[[#This Row],[Id]],"") | B13: =IFERROR([1]!OfficeForms.Table[[#This Row],[Start time]],"") | C13: =IFERROR([1]!OfficeForms.Table[[#This Row],[Session]],"") | D13: =IFERROR([1]!OfficeForms.Table[[#This Row],[Players]],"")
... A300: =IFERROR([1]!OfficeForms.Table[[#This Row],[Id]],"") | B300: =IFERROR([1]!OfficeForms.Table[[#This Row],[Start time]],"") | C300: =IFERROR([1]!OfficeForms.Table[[#This Row],[Session]],"") | D300: =IFERROR([1]!OfficeForms.Table[[#This Row],[Players]],"")

Sheet Squad
A1: Name | B1: First Name | C1: Numebr | D1: Email | E1: Position | F1: Kit Size | G1: Shirt number | H1: Likely
A2: Alf Morris | B2: Alf M | E2: CAM/ST | F2: L | G2: 9 | H2: N | J2: Small | K2: =COUNTIF(Squad[Kit Size],"S") -> 3
A3: Alfie Ferrari | B3: Alfie F | C3: +44 7510 721734 | D3: Alfieferrari7@gmail.com | E3: CAM ST | F3: XL | G3: 20 | H3: Y | J3: Medium | K3: =COUNTIF(Squad[Kit Size],"M") -> 8
A4: Bailey Smith | B4: Bailey | C4: 7828 153153 | D4: baileysmith07@icloud.com | E4: RB,RW | F4: M | G4: 2 | H4: Y | J4: Large | K4: =COUNTIF(Squad[Kit Size],"l") -> 6
A5: Brad Eccott | B5: Brad | E5: CB,RB,LB | F5: L | G5: 5 | H5: Q | J5: XL | K5: =COUNTIF(Squad[Kit Size],"XL") -> 2
A6: Callum Cripps | B6: Callum | C6: +44 7494 108525 | D6: callum.cripps@icloud.com | E6: LB,LW,CM | F6: M | G6: 76 | H6: Q | J6: XXL | K6: =COUNTIF(Squad[Kit Size],"XXL") -> 2
A7: Danny Grace | B7: Danny | E7: RB,RW | F7: L | G7: 47 | H7: N
A8: Ethan | B8: Ethan | C8: +44 7423 819083 | D8: ethanobialor@gmail.com | H8: Y | J8: Yes | K8: =COUNTIF(Squad[Likely],"Y") -> 17
A9: Freddie | B9: Freddie | H9: Y | J9: No | K9: =COUNTIF(Squad[Likely],"N") -> 2
A10: George Hickson | B10: George | C10: +44 7547 619796 | D10: georgehickson23@gmail.com | E10: CDM,CM | F10: XXL | G10: 77 | H10: Y | J10: QUESTION | K10: =COUNTIF(Squad[Likely],"Q") -> 7
A11: Jamie Selby | B11: Jamie | C11: +44 7481 185837 | D11: jamiehowarth07@outlook.com | E11: ST | F11: L | G11: 7 | H11: Q
A12: Jay Penniall | B12: Jay | C12: +44 7921 051797 | D12: Jaypenniall@icloud.com | E12: RB,RW,LW | F12: S | G12: 17 | H12: Y
A13: Joe Gallagher | B13: Joe | E13: CM,CAM | F13: M | G13: 8 | H13: Y
A14: Josh Miah | B14: Josh | C14: ‭+44 7421 837113‬ | D14: joshuamiah2007@gmail.com | E14: CB,LB | F14: L | G14: 24 | H14: Y
A15: Jude Ginno | B15: Jude | C15: +44 7415 241861 | D15: judeginno69@gmail.com | E15: LW,RW,CM | F15: S | G15: 10 | H15: Q
A16: Kalan Wheatley | B16: Kalan | C16: ‭+44 7478 697323‬ | D16: Kalanw07@outlook.com | E16: CAM,ST | F16: M | G16: 15 | H16: Q
A17: Kazeem | B17: Kazeem | C17: 07440 487968 | D17: Kazeemkadiri91@gmail.com | H17: Y
A18: Keiran Donovan | B18: Keiran D | C18: +44 7498 057516 | D18: Kierandonovan07@icloud.com | E18: CDM | F18: XXL | G18: 6 | H18: Q
A19: Keiran Rawlins | B19: Keiran R | C19: +44 7305 897848 | E19: LW,CAM | F19: M | G19: 21 | H19: Y
A20: Liam Shelbourne | B20: Liam | E20: CM | F20: XL | H20: Y
A21: Louie Jones | B21: Louie | C21: ‭+44 7950 975047‬ | D21: Louiejones724@gmail.com | E21: RB,RW | F21: S | G21: 11 | H21: Y
A22: Rocco | B22: Rocco | C22: +44 7555 114047 | D22: rocco3021@gmail.com | H22: Y
A23: Ronnie Davies | B23: Ronnie D | C23: +44 7578 424688 | D23: davies.ronnie1@icloud.com | E23: GK | F23: M | G23: 99 | H23: Y
A24: Ronnie Tucker | B24: Ronnie T | C24: ‭+44 7366 573203‬ | D24: tucker.ronnie@icloud.com | E24: CB | F24: M | G24: 18 | H24: Y
A25: Ryan Baillie | B25: Ryan | C25: +44 7778 747765 | D25: R.baillie2807@gmail.com | H25: Y
A26: Ryeley Doolan | B26: Ryeley | C26: +44 7306 122055 | D26: ryeley@icloud.com | E26: CB,RB | F26: L | G26: 4 | H26: Q
A27: Will Beecham | B27: Will | C27: +44 7539 868436 | D27: williambeecham2007@gmail.com | E27: LB,LW,CAM | F27: M | G27: 3 | H27: Y
A28: =SUBTOTAL(103,Squad[Name]) -> 26 | H28: =SUBTOTAL(103,Squad[Likely]) -> 26

Sheet Notes
B4: Card | C4: Fine
B5: Red | C5: 55
B6: Yellow | C6: 15
B8: Account holder name: | C8: DANSON SPORTS LIMITED
B9: Account number: | C9: 23719049
B10: Sort code: | C10: 20-62-69
B13: Welling United Red OBDSFL
B15: Orpington & Bromley District Sunday Football League
